ID, Photo, Chest, Length, Name, Colour,Stock,num
1, 1.jpg,34, S, Tailored Fit Navy Performance Suit, Navy,no,1
1, 1.jpg,36, S, Tailored Fit Navy Performance Suit, Navy,no,2
1, 1.jpg,38, S, Tailored Fit Navy Performance Suit, Navy,no,3
1, 1.jpg,40, S, Tailored Fit Navy Performance Suit, Navy,no,4
1, 1.jpg,42, S, Tailored Fit Navy Performance Suit, Navy,yes,5
1, 1.jpg,44, S, Tailored Fit Navy Performance Suit, Navy,no,6
1, 1.jpg,46, S, Tailored Fit Navy Performance Suit, Navy,no,7
1, 1.jpg,48, S, Tailored Fit Navy Performance Suit, Navy,no,8
1, 1.jpg,50, S, Tailored Fit Navy Performance Suit, Navy,no,9
1, 1.jpg,52, S, Tailored Fit Navy Performance Suit, Navy,no,10
1, 1.jpg,54, S, Tailored Fit Navy Performance Suit, Navy,no,11
1, 1.jpg,56, S, Tailored Fit Navy Performance Suit, Navy,no,12
1, 1.jpg,34, R, Tailored Fit Navy Performance Suit, Navy,no,13
1, 1.jpg,36, R, Tailored Fit Navy Performance Suit, Navy,no,14
1, 1.jpg,38, R, Tailored Fit Navy Performance Suit, Navy,no,15
1, 1.jpg,40, R, Tailored Fit Navy Performance Suit, Navy,no,16
1, 1.jpg,42, R, Tailored Fit Navy Performance Suit, Navy,no,17
1, 1.jpg,44, R, Tailored Fit Navy Performance Suit, Navy,no,18
1, 1.jpg,46, R, Tailored Fit Navy Performance Suit, Navy,no,19
1, 1.jpg,48, R, Tailored Fit Navy Performance Suit, Navy,no,20
1, 1.jpg,50, R, Tailored Fit Navy Performance Suit, Navy,no,21
1, 1.jpg,52, R, Tailored Fit Navy Performance Suit, Navy,no,22
1, 1.jpg,54, R, Tailored Fit Navy Performance Suit, Navy,no,23
1, 1.jpg,56, R, Tailored Fit Navy Performance Suit, Navy,no,24
1, 1.jpg,34, L, Tailored Fit Navy Performance Suit, Navy,no,25
1, 1.jpg,36, L, Tailored Fit Navy Performance Suit, Navy,no,26
1, 1.jpg,38, L, Tailored Fit Navy Performance Suit, Navy,no,27
1, 1.jpg,40, L, Tailored Fit Navy Performance Suit, Navy,no,28
1, 1.jpg,42, L, Tailored Fit Navy Performance Suit, Navy,no,29
1, 1.jpg,44, L, Tailored Fit Navy Performance Suit, Navy,no,30
1, 1.jpg,46, L, Tailored Fit Navy Performance Suit, Navy,no,31
1, 1.jpg,48, L, Tailored Fit Navy Performance Suit, Navy,no,32
1, 1.jpg,50, L, Tailored Fit Navy Performance Suit, Navy,no,33
1, 1.jpg,52, L, Tailored Fit Navy Performance Suit, Navy,no,34
1, 1.jpg,54, L, Tailored Fit Navy Performance Suit, Navy,no,35
1, 1.jpg,56, L, Tailored Fit Navy Performance Suit, Navy,no,36
1, 1.jpg,34, XL, Tailored Fit Navy Performance Suit, Navy,no,37
1, 1.jpg,36, XL, Tailored Fit Navy Performance Suit, Navy,no,38
1, 1.jpg,38, XL, Tailored Fit Navy Performance Suit, Navy,no,39
1, 1.jpg,40, XL, Tailored Fit Navy Performance Suit, Navy,no,40
1, 1.jpg,42, XL, Tailored Fit Navy Performance Suit, Navy,no,41
1, 1.jpg,44, XL, Tailored Fit Navy Performance Suit, Navy,no,42
1, 1.jpg,46, XL, Tailored Fit Navy Performance Suit, Navy,no,43
1, 1.jpg,48, XL, Tailored Fit Navy Performance Suit, Navy,no,44
1, 1.jpg,50, XL, Tailored Fit Navy Performance Suit, Navy,no,45
1, 1.jpg,52, XL, Tailored Fit Navy Performance Suit, Navy,no,46
1, 1.jpg,54, XL, Tailored Fit Navy Performance Suit, Navy,no,47
1, 1.jpg,56, XL, Tailored Fit Navy Performance Suit, Navy,no,48
3, 3.jpg,34, S, Tailored Fit Dark Brown Corduroy Suit, Brown,no,49
3, 3.jpg,36, S, Tailored Fit Dark Brown Corduroy Suit, Brown,no,50
3, 3.jpg,38, S, Tailored Fit Dark Brown Corduroy Suit, Brown,no,51
3, 3.jpg,40, S, Tailored Fit Dark Brown Corduroy Suit, Brown,no,52
3, 3.jpg,42, S, Tailored Fit Dark Brown Corduroy Suit, Brown,no,53
3, 3.jpg,44, S, Tailored Fit Dark Brown Corduroy Suit, Brown,no,54
3, 3.jpg,46, S, Tailored Fit Dark Brown Corduroy Suit, Brown,no,55
3, 3.jpg,48, S, Tailored Fit Dark Brown Corduroy Suit, Brown,no,56
3, 3.jpg,50, S, Tailored Fit Dark Brown Corduroy Suit, Brown,no,57
3, 3.jpg,52, S, Tailored Fit Dark Brown Corduroy Suit, Brown,no,58
3, 3.jpg,54, S, Tailored Fit Dark Brown Corduroy Suit, Brown,no,59
3, 3.jpg,56, S, Tailored Fit Dark Brown Corduroy Suit, Brown,no,60
3, 3.jpg,34, R, Tailored Fit Dark Brown Corduroy Suit, Brown,no,61
3, 3.jpg,36, R, Tailored Fit Dark Brown Corduroy Suit, Brown,no,62
3, 3.jpg,38, R, Tailored Fit Dark Brown Corduroy Suit, Brown,no,63
3, 3.jpg,40, R, Tailored Fit Dark Brown Corduroy Suit, Brown,no,64
3, 3.jpg,42, R, Tailored Fit Dark Brown Corduroy Suit, Brown,yes,65
3, 3.jpg,44, R, Tailored Fit Dark Brown Corduroy Suit, Brown,no,66
3, 3.jpg,46, R, Tailored Fit Dark Brown Corduroy Suit, Brown,no,67
3, 3.jpg,48, R, Tailored Fit Dark Brown Corduroy Suit, Brown,no,68
3, 3.jpg,50, R, Tailored Fit Dark Brown Corduroy Suit, Brown,no,69
3, 3.jpg,52, R, Tailored Fit Dark Brown Corduroy Suit, Brown,no,70
3, 3.jpg,54, R, Tailored Fit Dark Brown Corduroy Suit, Brown,no,71
3, 3.jpg,56, R, Tailored Fit Dark Brown Corduroy Suit, Brown,no,72
3, 3.jpg,34, L, Tailored Fit Dark Brown Corduroy Suit, Brown,no,73
3, 3.jpg,36, L, Tailored Fit Dark Brown Corduroy Suit, Brown,no,74
3, 3.jpg,38, L, Tailored Fit Dark Brown Corduroy Suit, Brown,no,75
3, 3.jpg,40, L, Tailored Fit Dark Brown Corduroy Suit, Brown,no,76
3, 3.jpg,42, L, Tailored Fit Dark Brown Corduroy Suit, Brown,no,77
3, 3.jpg,44, L, Tailored Fit Dark Brown Corduroy Suit, Brown,no,78
3, 3.jpg,46, L, Tailored Fit Dark Brown Corduroy Suit, Brown,no,79
3, 3.jpg,48, L, Tailored Fit Dark Brown Corduroy Suit, Brown,no,80
3, 3.jpg,50, L, Tailored Fit Dark Brown Corduroy Suit, Brown,no,81
3, 3.jpg,52, L, Tailored Fit Dark Brown Corduroy Suit, Brown,no,82
3, 3.jpg,54, L, Tailored Fit Dark Brown Corduroy Suit, Brown,no,83
3, 3.jpg,56, L, Tailored Fit Dark Brown Corduroy Suit, Brown,no,84
3, 3.jpg,34, XL, Tailored Fit Dark Brown Corduroy Suit, Brown,no,85
3, 3.jpg,36, XL, Tailored Fit Dark Brown Corduroy Suit, Brown,no,86
3, 3.jpg,38, XL, Tailored Fit Dark Brown Corduroy Suit, Brown,no,87
3, 3.jpg,40, XL, Tailored Fit Dark Brown Corduroy Suit, Brown,no,88
3, 3.jpg,42, XL, Tailored Fit Dark Brown Corduroy Suit, Brown,no,89
3, 3.jpg,44, XL, Tailored Fit Dark Brown Corduroy Suit, Brown,no,90
3, 3.jpg,46, XL, Tailored Fit Dark Brown Corduroy Suit, Brown,no,91
3, 3.jpg,48, XL, Tailored Fit Dark Brown Corduroy Suit, Brown,no,92
3, 3.jpg,50, XL, Tailored Fit Dark Brown Corduroy Suit, Brown,no,93
3, 3.jpg,52, XL, Tailored Fit Dark Brown Corduroy Suit, Brown,no,94
3, 3.jpg,54, XL, Tailored Fit Dark Brown Corduroy Suit, Brown,no,95
3, 3.jpg,56, XL, Tailored Fit Dark Brown Corduroy Suit, Brown,no,96
5, 5.jpg,34, S, Slim Fit Taupe Suit, Taupe,no,97
5, 5.jpg,36, S, Slim Fit Taupe Suit, Taupe,no,98
5, 5.jpg,38, S, Slim Fit Taupe Suit, Taupe,no,99
5, 5.jpg,40, S, Slim Fit Taupe Suit, Taupe,no,100
5, 5.jpg,42, S, Slim Fit Taupe Suit, Taupe,yes,101
5, 5.jpg,44, S, Slim Fit Taupe Suit, Taupe,no,102
5, 5.jpg,46, S, Slim Fit Taupe Suit, Taupe,no,103
5, 5.jpg,48, S, Slim Fit Taupe Suit, Taupe,no,104
5, 5.jpg,50, S, Slim Fit Taupe Suit, Taupe,no,105
5, 5.jpg,34, R, Slim Fit Taupe Suit, Taupe,no,106
5, 5.jpg,36, R, Slim Fit Taupe Suit, Taupe,no,107
5, 5.jpg,38, R, Slim Fit Taupe Suit, Taupe,no,108
5, 5.jpg,40, R, Slim Fit Taupe Suit, Taupe,no,109
5, 5.jpg,42, R, Slim Fit Taupe Suit, Taupe,no,110
5, 5.jpg,44, R, Slim Fit Taupe Suit, Taupe,no,111
5, 5.jpg,46, R, Slim Fit Taupe Suit, Taupe,no,112
5, 5.jpg,48, R, Slim Fit Taupe Suit, Taupe,no,113
5, 5.jpg,50, R, Slim Fit Taupe Suit, Taupe,no,114
5, 5.jpg,34, L, Slim Fit Taupe Suit, Taupe,no,115
5, 5.jpg,36, L, Slim Fit Taupe Suit, Taupe,no,116
5, 5.jpg,38, L, Slim Fit Taupe Suit, Taupe,no,117
5, 5.jpg,40, L, Slim Fit Taupe Suit, Taupe,no,118
5, 5.jpg,42, L, Slim Fit Taupe Suit, Taupe,no,119
5, 5.jpg,44, L, Slim Fit Taupe Suit, Taupe,no,120
5, 5.jpg,46, L, Slim Fit Taupe Suit, Taupe,no,121
5, 5.jpg,48, L, Slim Fit Taupe Suit, Taupe,no,122
5, 5.jpg,50, L, Slim Fit Taupe Suit, Taupe,no,123
7, 7.jpg,34, S, Tailored Fit Navy Black Check Suit, Navy / Black,no,124
7, 7.jpg,36, S, Tailored Fit Navy Black Check Suit, Navy / Black,no,125
7, 7.jpg,38, S, Tailored Fit Navy Black Check Suit, Navy / Black,no,126
7, 7.jpg,40, S, Tailored Fit Navy Black Check Suit, Navy / Black,no,127
7, 7.jpg,42, S, Tailored Fit Navy Black Check Suit, Navy / Black,yes,128
7, 7.jpg,44, S, Tailored Fit Navy Black Check Suit, Navy / Black,no,129
7, 7.jpg,46, S, Tailored Fit Navy Black Check Suit, Navy / Black,no,130
7, 7.jpg,48, S, Tailored Fit Navy Black Check Suit, Navy / Black,no,131
7, 7.jpg,50, S, Tailored Fit Navy Black Check Suit, Navy / Black,no,132
7, 7.jpg,52, S, Tailored Fit Navy Black Check Suit, Navy / Black,no,133
7, 7.jpg,34, R, Tailored Fit Navy Black Check Suit, Navy / Black,no,134
7, 7.jpg,36, R, Tailored Fit Navy Black Check Suit, Navy / Black,no,135
7, 7.jpg,38, R, Tailored Fit Navy Black Check Suit, Navy / Black,no,136
7, 7.jpg,40, R, Tailored Fit Navy Black Check Suit, Navy / Black,no,137
7, 7.jpg,42, R, Tailored Fit Navy Black Check Suit, Navy / Black,no,138
7, 7.jpg,44, R, Tailored Fit Navy Black Check Suit, Navy / Black,no,139
7, 7.jpg,46, R, Tailored Fit Navy Black Check Suit, Navy / Black,no,140
7, 7.jpg,48, R, Tailored Fit Navy Black Check Suit, Navy / Black,no,141
7, 7.jpg,50, R, Tailored Fit Navy Black Check Suit, Navy / Black,no,142
7, 7.jpg,52, R, Tailored Fit Navy Black Check Suit, Navy / Black,no,143
7, 7.jpg,34, L, Tailored Fit Navy Black Check Suit, Navy / Black,no,144
7, 7.jpg,36, L, Tailored Fit Navy Black Check Suit, Navy / Black,no,145
7, 7.jpg,38, L, Tailored Fit Navy Black Check Suit, Navy / Black,no,146
7, 7.jpg,40, L, Tailored Fit Navy Black Check Suit, Navy / Black,no,147
7, 7.jpg,42, L, Tailored Fit Navy Black Check Suit, Navy / Black,no,148
7, 7.jpg,44, L, Tailored Fit Navy Black Check Suit, Navy / Black,no,149
7, 7.jpg,46, L, Tailored Fit Navy Black Check Suit, Navy / Black,no,150
7, 7.jpg,48, L, Tailored Fit Navy Black Check Suit, Navy / Black,no,151
7, 7.jpg,50, L, Tailored Fit Navy Black Check Suit, Navy / Black,no,152
7, 7.jpg,52, L, Tailored Fit Navy Black Check Suit, Navy / Black,no,153
9, 9.jpg,34, S, Skinny Fit Blue Twisted Suit, Blue,no,154
9, 9.jpg,36, S, Skinny Fit Blue Twisted Suit, Blue,no,155
9, 9.jpg,38, S, Skinny Fit Blue Twisted Suit, Blue,no,156
9, 9.jpg,40, S, Skinny Fit Blue Twisted Suit, Blue,no,157
9, 9.jpg,42, S, Skinny Fit Blue Twisted Suit, Blue,no,158
9, 9.jpg,44, S, Skinny Fit Blue Twisted Suit, Blue,no,159
9, 9.jpg,46, S, Skinny Fit Blue Twisted Suit, Blue,no,160
9, 9.jpg,48, S, Skinny Fit Blue Twisted Suit, Blue,no,161
9, 9.jpg,50, S, Skinny Fit Blue Twisted Suit, Blue,no,162
9, 9.jpg,52, S, Skinny Fit Blue Twisted Suit, Blue,no,163
9, 9.jpg,34, R, Skinny Fit Blue Twisted Suit, Blue,no,164
9, 9.jpg,36, R, Skinny Fit Blue Twisted Suit, Blue,no,165
9, 9.jpg,38, R, Skinny Fit Blue Twisted Suit, Blue,no,166
9, 9.jpg,40, R, Skinny Fit Blue Twisted Suit, Blue,no,167
9, 9.jpg,42, R, Skinny Fit Blue Twisted Suit, Blue,no,168
9, 9.jpg,44, R, Skinny Fit Blue Twisted Suit, Blue,no,169
9, 9.jpg,46, R, Skinny Fit Blue Twisted Suit, Blue,no,170
9, 9.jpg,48, R, Skinny Fit Blue Twisted Suit, Blue,no,171
9, 9.jpg,50, R, Skinny Fit Blue Twisted Suit, Blue,no,172
9, 9.jpg,52, R, Skinny Fit Blue Twisted Suit, Blue,no,173
9, 9.jpg,34, L, Skinny Fit Blue Twisted Suit, Blue,no,174
9, 9.jpg,36, L, Skinny Fit Blue Twisted Suit, Blue,no,175
9, 9.jpg,38, L, Skinny Fit Blue Twisted Suit, Blue,no,176
9, 9.jpg,40, L, Skinny Fit Blue Twisted Suit, Blue,no,177
9, 9.jpg,42, L, Skinny Fit Blue Twisted Suit, Blue,no,178
9, 9.jpg,44, L, Skinny Fit Blue Twisted Suit, Blue,no,179
9, 9.jpg,46, L, Skinny Fit Blue Twisted Suit, Blue,no,180
9, 9.jpg,48, L, Skinny Fit Blue Twisted Suit, Blue,no,181
9, 9.jpg,50, L, Skinny Fit Blue Twisted Suit, Blue,no,182
9, 9.jpg,52, L, Skinny Fit Blue Twisted Suit, Blue,no,183
11, 11.jpg,34, S, Slim Fit Stone Donegal Tweed Suit, Stone,no,184
11, 11.jpg,36, S, Slim Fit Stone Donegal Tweed Suit, Stone,no,185
11, 11.jpg,38, S, Slim Fit Stone Donegal Tweed Suit, Stone,no,186
11, 11.jpg,40, S, Slim Fit Stone Donegal Tweed Suit, Stone,no,187
11, 11.jpg,42, S, Slim Fit Stone Donegal Tweed Suit, Stone,no,188
11, 11.jpg,44, S, Slim Fit Stone Donegal Tweed Suit, Stone,no,189
11, 11.jpg,46, S, Slim Fit Stone Donegal Tweed Suit, Stone,no,190
11, 11.jpg,48, S, Slim Fit Stone Donegal Tweed Suit, Stone,no,191
11, 11.jpg,50, S, Slim Fit Stone Donegal Tweed Suit, Stone,no,192
11, 11.jpg,52, S, Slim Fit Stone Donegal Tweed Suit, Stone,no,193
11, 11.jpg,34, R, Slim Fit Stone Donegal Tweed Suit, Stone,no,194
11, 11.jpg,36, R, Slim Fit Stone Donegal Tweed Suit, Stone,no,195
11, 11.jpg,38, R, Slim Fit Stone Donegal Tweed Suit, Stone,no,196
11, 11.jpg,40, R, Slim Fit Stone Donegal Tweed Suit, Stone,no,197
11, 11.jpg,42, R, Slim Fit Stone Donegal Tweed Suit, Stone,no,198
11, 11.jpg,44, R, Slim Fit Stone Donegal Tweed Suit, Stone,no,199
11, 11.jpg,46, R, Slim Fit Stone Donegal Tweed Suit, Stone,no,200
11, 11.jpg,48, R, Slim Fit Stone Donegal Tweed Suit, Stone,no,201
11, 11.jpg,50, R, Slim Fit Stone Donegal Tweed Suit, Stone,no,202
11, 11.jpg,52, R, Slim Fit Stone Donegal Tweed Suit, Stone,no,203
11, 11.jpg,34, L, Slim Fit Stone Donegal Tweed Suit, Stone,no,204
11, 11.jpg,36, L, Slim Fit Stone Donegal Tweed Suit, Stone,no,205
11, 11.jpg,38, L, Slim Fit Stone Donegal Tweed Suit, Stone,no,206
11, 11.jpg,40, L, Slim Fit Stone Donegal Tweed Suit, Stone,no,207
11, 11.jpg,42, L, Slim Fit Stone Donegal Tweed Suit, Stone,no,208
11, 11.jpg,44, L, Slim Fit Stone Donegal Tweed Suit, Stone,no,209
11, 11.jpg,46, L, Slim Fit Stone Donegal Tweed Suit, Stone,no,210
11, 11.jpg,48, L, Slim Fit Stone Donegal Tweed Suit, Stone,no,211
11, 11.jpg,50, L, Slim Fit Stone Donegal Tweed Suit, Stone,no,212
11, 11.jpg,52, L, Slim Fit Stone Donegal Tweed Suit, Stone,no,213
13, 13.jpg,34, S, Tailored Fit Navy Stripe DB Suit Jacket, Navy,no,214
13, 13.jpg,36, S, Tailored Fit Navy Stripe DB Suit Jacket, Navy,no,215
13, 13.jpg,38, S, Tailored Fit Navy Stripe DB Suit Jacket, Navy,no,216
13, 13.jpg,40, S, Tailored Fit Navy Stripe DB Suit Jacket, Navy,no,217
13, 13.jpg,42, S, Tailored Fit Navy Stripe DB Suit Jacket, Navy,no,218
13, 13.jpg,44, S, Tailored Fit Navy Stripe DB Suit Jacket, Navy,no,219
13, 13.jpg,46, S, Tailored Fit Navy Stripe DB Suit Jacket, Navy,no,220
13, 13.jpg,48, S, Tailored Fit Navy Stripe DB Suit Jacket, Navy,no,221
13, 13.jpg,50, S, Tailored Fit Navy Stripe DB Suit Jacket, Navy,no,222
13, 13.jpg,52, S, Tailored Fit Navy Stripe DB Suit Jacket, Navy,no,223
13, 13.jpg,34, R, Tailored Fit Navy Stripe DB Suit Jacket, Navy,no,224
13, 13.jpg,36, R, Tailored Fit Navy Stripe DB Suit Jacket, Navy,no,225
13, 13.jpg,38, R, Tailored Fit Navy Stripe DB Suit Jacket, Navy,no,226
13, 13.jpg,40, R, Tailored Fit Navy Stripe DB Suit Jacket, Navy,no,227
13, 13.jpg,42, R, Tailored Fit Navy Stripe DB Suit Jacket, Navy,no,228
13, 13.jpg,44, R, Tailored Fit Navy Stripe DB Suit Jacket, Navy,no,229
13, 13.jpg,46, R, Tailored Fit Navy Stripe DB Suit Jacket, Navy,no,230
13, 13.jpg,48, R, Tailored Fit Navy Stripe DB Suit Jacket, Navy,no,231
13, 13.jpg,50, R, Tailored Fit Navy Stripe DB Suit Jacket, Navy,no,232
13, 13.jpg,52, R, Tailored Fit Navy Stripe DB Suit Jacket, Navy,no,233
13, 13.jpg,34, L, Tailored Fit Navy Stripe DB Suit Jacket, Navy,no,234
13, 13.jpg,36, L, Tailored Fit Navy Stripe DB Suit Jacket, Navy,no,235
13, 13.jpg,38, L, Tailored Fit Navy Stripe DB Suit Jacket, Navy,no,236
13, 13.jpg,40, L, Tailored Fit Navy Stripe DB Suit Jacket, Navy,no,237
13, 13.jpg,42, L, Tailored Fit Navy Stripe DB Suit Jacket, Navy,no,238
13, 13.jpg,44, L, Tailored Fit Navy Stripe DB Suit Jacket, Navy,no,239
13, 13.jpg,46, L, Tailored Fit Navy Stripe DB Suit Jacket, Navy,no,240
13, 13.jpg,48, L, Tailored Fit Navy Stripe DB Suit Jacket, Navy,no,241
13, 13.jpg,50, L, Tailored Fit Navy Stripe DB Suit Jacket, Navy,no,242
13, 13.jpg,52, L, Tailored Fit Navy Stripe DB Suit Jacket, Navy,no,243
15, 15.jpg,34, S, Ink Corduroy DB Suit, Ink,no,244
15, 15.jpg,36, S, Ink Corduroy DB Suit, Ink,no,245
15, 15.jpg,38, S, Ink Corduroy DB Suit, Ink,no,246
15, 15.jpg,40, S, Ink Corduroy DB Suit, Ink,no,247
15, 15.jpg,42, S, Ink Corduroy DB Suit, Ink,no,248
15, 15.jpg,44, S, Ink Corduroy DB Suit, Ink,no,249
15, 15.jpg,46, S, Ink Corduroy DB Suit, Ink,no,250
15, 15.jpg,48, S, Ink Corduroy DB Suit, Ink,no,251
15, 15.jpg,50, S, Ink Corduroy DB Suit, Ink,no,252
15, 15.jpg,52, S, Ink Corduroy DB Suit, Ink,no,253
15, 15.jpg,34, R, Ink Corduroy DB Suit, Ink,no,254
15, 15.jpg,36, R, Ink Corduroy DB Suit, Ink,no,255
15, 15.jpg,38, R, Ink Corduroy DB Suit, Ink,no,256
15, 15.jpg,40, R, Ink Corduroy DB Suit, Ink,no,257
15, 15.jpg,42, R, Ink Corduroy DB Suit, Ink,no,258
15, 15.jpg,44, R, Ink Corduroy DB Suit, Ink,no,259
15, 15.jpg,46, R, Ink Corduroy DB Suit, Ink,no,260
15, 15.jpg,48, R, Ink Corduroy DB Suit, Ink,no,261
15, 15.jpg,50, R, Ink Corduroy DB Suit, Ink,no,262
15, 15.jpg,52, R, Ink Corduroy DB Suit, Ink,no,263
15, 15.jpg,34, L, Ink Corduroy DB Suit, Ink,no,264
15, 15.jpg,36, L, Ink Corduroy DB Suit, Ink,no,265
15, 15.jpg,38, L, Ink Corduroy DB Suit, Ink,no,266
15, 15.jpg,40, L, Ink Corduroy DB Suit, Ink,no,267
15, 15.jpg,42, L, Ink Corduroy DB Suit, Ink,no,268
15, 15.jpg,44, L, Ink Corduroy DB Suit, Ink,no,269
15, 15.jpg,46, L, Ink Corduroy DB Suit, Ink,no,270
15, 15.jpg,48, L, Ink Corduroy DB Suit, Ink,no,271
15, 15.jpg,50, L, Ink Corduroy DB Suit, Ink,no,272
15, 15.jpg,52, L, Ink Corduroy DB Suit, Ink,no,273
17, 17.jpg,36, S, Tailored Fit Navy Check Performance Suit, Navy,no,274
17, 17.jpg,38, S, Tailored Fit Navy Check Performance Suit, Navy,no,275
17, 17.jpg,40, S, Tailored Fit Navy Check Performance Suit, Navy,no,276
17, 17.jpg,42, S, Tailored Fit Navy Check Performance Suit, Navy,no,277
17, 17.jpg,44, S, Tailored Fit Navy Check Performance Suit, Navy,no,278
17, 17.jpg,46, S, Tailored Fit Navy Check Performance Suit, Navy,no,279
17, 17.jpg,48, S, Tailored Fit Navy Check Performance Suit, Navy,no,280
17, 17.jpg,50, S, Tailored Fit Navy Check Performance Suit, Navy,no,281
17, 17.jpg,52, S, Tailored Fit Navy Check Performance Suit, Navy,no,282
17, 17.jpg,34, R, Tailored Fit Navy Check Performance Suit, Navy,no,283
17, 17.jpg,36, R, Tailored Fit Navy Check Performance Suit, Navy,no,284
17, 17.jpg,38, R, Tailored Fit Navy Check Performance Suit, Navy,no,285
17, 17.jpg,40, R, Tailored Fit Navy Check Performance Suit, Navy,no,286
17, 17.jpg,42, R, Tailored Fit Navy Check Performance Suit, Navy,no,287
17, 17.jpg,44, R, Tailored Fit Navy Check Performance Suit, Navy,no,288
17, 17.jpg,46, R, Tailored Fit Navy Check Performance Suit, Navy,no,289
17, 17.jpg,48, R, Tailored Fit Navy Check Performance Suit, Navy,no,290
17, 17.jpg,50, R, Tailored Fit Navy Check Performance Suit, Navy,no,291
17, 17.jpg,52, R, Tailored Fit Navy Check Performance Suit, Navy,no,292
17, 17.jpg,34, L, Tailored Fit Navy Check Performance Suit, Navy,no,293
17, 17.jpg,36, L, Tailored Fit Navy Check Performance Suit, Navy,no,294
17, 17.jpg,38, L, Tailored Fit Navy Check Performance Suit, Navy,no,295
17, 17.jpg,40, L, Tailored Fit Navy Check Performance Suit, Navy,no,296
17, 17.jpg,42, L, Tailored Fit Navy Check Performance Suit, Navy,no,297
17, 17.jpg,44, L, Tailored Fit Navy Check Performance Suit, Navy,no,298
17, 17.jpg,46, L, Tailored Fit Navy Check Performance Suit, Navy,no,299
17, 17.jpg,48, L, Tailored Fit Navy Check Performance Suit, Navy,no,300
17, 17.jpg,50, L, Tailored Fit Navy Check Performance Suit, Navy,no,301
17, 17.jpg,52, L, Tailored Fit Navy Check Performance Suit, Navy,no,302
19, 19.jpg,34, S, Slim Fit Black Stretch Suit, Black,no,303
19, 19.jpg,36, S, Slim Fit Black Stretch Suit, Black,no,304
19, 19.jpg,38, S, Slim Fit Black Stretch Suit, Black,no,305
19, 19.jpg,40, S, Slim Fit Black Stretch Suit, Black,no,306
19, 19.jpg,42, S, Slim Fit Black Stretch Suit, Black,no,307
19, 19.jpg,44, S, Slim Fit Black Stretch Suit, Black,no,308
19, 19.jpg,46, S, Slim Fit Black Stretch Suit, Black,no,309
19, 19.jpg,48, S, Slim Fit Black Stretch Suit, Black,no,310
19, 19.jpg,50, S, Slim Fit Black Stretch Suit, Black,no,311
19, 19.jpg,52, S, Slim Fit Black Stretch Suit, Black,no,312
19, 19.jpg,34, R, Slim Fit Black Stretch Suit, Black,no,313
19, 19.jpg,36, R, Slim Fit Black Stretch Suit, Black,no,314
19, 19.jpg,38, R, Slim Fit Black Stretch Suit, Black,no,315
19, 19.jpg,40, R, Slim Fit Black Stretch Suit, Black,no,316
19, 19.jpg,42, R, Slim Fit Black Stretch Suit, Black,no,317
19, 19.jpg,44, R, Slim Fit Black Stretch Suit, Black,no,318
19, 19.jpg,46, R, Slim Fit Black Stretch Suit, Black,no,319
19, 19.jpg,48, R, Slim Fit Black Stretch Suit, Black,no,320
19, 19.jpg,50, R, Slim Fit Black Stretch Suit, Black,no,321
19, 19.jpg,52, R, Slim Fit Black Stretch Suit, Black,no,322
19, 19.jpg,34, L, Slim Fit Black Stretch Suit, Black,no,323
19, 19.jpg,36, L, Slim Fit Black Stretch Suit, Black,no,324
19, 19.jpg,38, L, Slim Fit Black Stretch Suit, Black,no,325
19, 19.jpg,40, L, Slim Fit Black Stretch Suit, Black,no,326
19, 19.jpg,42, L, Slim Fit Black Stretch Suit, Black,no,327
19, 19.jpg,44, L, Slim Fit Black Stretch Suit, Black,no,328
19, 19.jpg,46, L, Slim Fit Black Stretch Suit, Black,no,329
19, 19.jpg,48, L, Slim Fit Black Stretch Suit, Black,no,330
19, 19.jpg,50, L, Slim Fit Black Stretch Suit, Black,no,331
19, 19.jpg,52, L, Slim Fit Black Stretch Suit, Black,no,332
21, 21.jpg,34, S, Tailored Fit Dark Green Corduroy Suit, Dark Green,no,333
21, 21.jpg,36, S, Tailored Fit Dark Green Corduroy Suit, Dark Green,no,334
21, 21.jpg,38, S, Tailored Fit Dark Green Corduroy Suit, Dark Green,no,335
21, 21.jpg,40, S, Tailored Fit Dark Green Corduroy Suit, Dark Green,no,336
21, 21.jpg,42, S, Tailored Fit Dark Green Corduroy Suit, Dark Green,no,337
21, 21.jpg,44, S, Tailored Fit Dark Green Corduroy Suit, Dark Green,no,338
21, 21.jpg,46, S, Tailored Fit Dark Green Corduroy Suit, Dark Green,no,339
21, 21.jpg,48, S, Tailored Fit Dark Green Corduroy Suit, Dark Green,no,340
21, 21.jpg,50, S, Tailored Fit Dark Green Corduroy Suit, Dark Green,no,341
21, 21.jpg,52, S, Tailored Fit Dark Green Corduroy Suit, Dark Green,no,342
21, 21.jpg,34, R, Tailored Fit Dark Green Corduroy Suit, Dark Green,no,343
21, 21.jpg,36, R, Tailored Fit Dark Green Corduroy Suit, Dark Green,no,344
21, 21.jpg,38, R, Tailored Fit Dark Green Corduroy Suit, Dark Green,no,345
21, 21.jpg,40, R, Tailored Fit Dark Green Corduroy Suit, Dark Green,no,346
21, 21.jpg,42, R, Tailored Fit Dark Green Corduroy Suit, Dark Green,no,347
21, 21.jpg,44, R, Tailored Fit Dark Green Corduroy Suit, Dark Green,no,348
21, 21.jpg,46, R, Tailored Fit Dark Green Corduroy Suit, Dark Green,no,349
21, 21.jpg,48, R, Tailored Fit Dark Green Corduroy Suit, Dark Green,no,350
21, 21.jpg,50, R, Tailored Fit Dark Green Corduroy Suit, Dark Green,no,351
21, 21.jpg,52, R, Tailored Fit Dark Green Corduroy Suit, Dark Green,no,352
21, 21.jpg,34, L, Tailored Fit Dark Green Corduroy Suit, Dark Green,no,353
21, 21.jpg,36, L, Tailored Fit Dark Green Corduroy Suit, Dark Green,no,354
21, 21.jpg,38, L, Tailored Fit Dark Green Corduroy Suit, Dark Green,no,355
21, 21.jpg,40, L, Tailored Fit Dark Green Corduroy Suit, Dark Green,no,356
21, 21.jpg,42, L, Tailored Fit Dark Green Corduroy Suit, Dark Green,no,357
21, 21.jpg,44, L, Tailored Fit Dark Green Corduroy Suit, Dark Green,no,358
21, 21.jpg,46, L, Tailored Fit Dark Green Corduroy Suit, Dark Green,no,359
21, 21.jpg,48, L, Tailored Fit Dark Green Corduroy Suit, Dark Green,no,360
21, 21.jpg,50, L, Tailored Fit Dark Green Corduroy Suit, Dark Green,no,361
21, 21.jpg,52, L, Tailored Fit Dark Green Corduroy Suit, Dark Green,no,362
23, 23.jpg,34, S, Slim Fit Navy Suit, Navy,no,363
23, 23.jpg,36, S, Slim Fit Navy Suit, Navy,no,364
23, 23.jpg,38, S, Slim Fit Navy Suit, Navy,no,365
23, 23.jpg,40, S, Slim Fit Navy Suit, Navy,no,366
23, 23.jpg,42, S, Slim Fit Navy Suit, Navy,no,367
23, 23.jpg,44, S, Slim Fit Navy Suit, Navy,no,368
23, 23.jpg,46, S, Slim Fit Navy Suit, Navy,no,369
23, 23.jpg,48, S, Slim Fit Navy Suit, Navy,no,370
23, 23.jpg,50, S, Slim Fit Navy Suit, Navy,no,371
23, 23.jpg,52, S, Slim Fit Navy Suit, Navy,no,372
23, 23.jpg,34, R, Slim Fit Navy Suit, Navy,no,373
23, 23.jpg,36, R, Slim Fit Navy Suit, Navy,no,374
23, 23.jpg,38, R, Slim Fit Navy Suit, Navy,no,375
23, 23.jpg,40, R, Slim Fit Navy Suit, Navy,no,376
23, 23.jpg,42, R, Slim Fit Navy Suit, Navy,no,377
23, 23.jpg,44, R, Slim Fit Navy Suit, Navy,no,378
23, 23.jpg,46, R, Slim Fit Navy Suit, Navy,no,379
23, 23.jpg,48, R, Slim Fit Navy Suit, Navy,no,380
23, 23.jpg,50, R, Slim Fit Navy Suit, Navy,no,381
23, 23.jpg,52, R, Slim Fit Navy Suit, Navy,no,382
23, 23.jpg,34, L, Slim Fit Navy Suit, Navy,no,383
23, 23.jpg,36, L, Slim Fit Navy Suit, Navy,no,384
23, 23.jpg,38, L, Slim Fit Navy Suit, Navy,no,385
23, 23.jpg,40, L, Slim Fit Navy Suit, Navy,no,386
23, 23.jpg,42, L, Slim Fit Navy Suit, Navy,no,387
23, 23.jpg,44, L, Slim Fit Navy Suit, Navy,no,388
23, 23.jpg,46, L, Slim Fit Navy Suit, Navy,no,389
23, 23.jpg,48, L, Slim Fit Navy Suit, Navy,no,390
23, 23.jpg,50, L, Slim Fit Navy Suit, Navy,no,391
23, 23.jpg,52, L, Slim Fit Navy Suit, Navy,no,392
25, 25.jpg,34, S, Slim Fit Olive Corduroy Suit, Olive,no,393
25, 25.jpg,36, S, Slim Fit Olive Corduroy Suit, Olive,no,394
25, 25.jpg,38, S, Slim Fit Olive Corduroy Suit, Olive,no,395
25, 25.jpg,40, S, Slim Fit Olive Corduroy Suit, Olive,no,396
25, 25.jpg,42, S, Slim Fit Olive Corduroy Suit, Olive,no,397
25, 25.jpg,44, S, Slim Fit Olive Corduroy Suit, Olive,no,398
25, 25.jpg,46, S, Slim Fit Olive Corduroy Suit, Olive,no,399
25, 25.jpg,48, S, Slim Fit Olive Corduroy Suit, Olive,no,400
25, 25.jpg,50, S, Slim Fit Olive Corduroy Suit, Olive,no,401
25, 25.jpg,52, S, Slim Fit Olive Corduroy Suit, Olive,no,402
25, 25.jpg,34, R, Slim Fit Olive Corduroy Suit, Olive,no,403
25, 25.jpg,36, R, Slim Fit Olive Corduroy Suit, Olive,no,404
25, 25.jpg,38, R, Slim Fit Olive Corduroy Suit, Olive,no,405
25, 25.jpg,40, R, Slim Fit Olive Corduroy Suit, Olive,no,406
25, 25.jpg,42, R, Slim Fit Olive Corduroy Suit, Olive,no,407
25, 25.jpg,44, R, Slim Fit Olive Corduroy Suit, Olive,no,408
25, 25.jpg,46, R, Slim Fit Olive Corduroy Suit, Olive,no,409
25, 25.jpg,48, R, Slim Fit Olive Corduroy Suit, Olive,no,410
25, 25.jpg,50, R, Slim Fit Olive Corduroy Suit, Olive,no,411
25, 25.jpg,52, R, Slim Fit Olive Corduroy Suit, Olive,no,412
25, 25.jpg,34, L, Slim Fit Olive Corduroy Suit, Olive,no,413
25, 25.jpg,36, L, Slim Fit Olive Corduroy Suit, Olive,no,414
25, 25.jpg,38, L, Slim Fit Olive Corduroy Suit, Olive,no,415
25, 25.jpg,40, L, Slim Fit Olive Corduroy Suit, Olive,no,416
25, 25.jpg,42, L, Slim Fit Olive Corduroy Suit, Olive,no,417
25, 25.jpg,44, L, Slim Fit Olive Corduroy Suit, Olive,no,418
25, 25.jpg,46, L, Slim Fit Olive Corduroy Suit, Olive,no,419
25, 25.jpg,48, L, Slim Fit Olive Corduroy Suit, Olive,no,420
25, 25.jpg,50, L, Slim Fit Olive Corduroy Suit, Olive,no,421
25, 25.jpg,52, L, Slim Fit Olive Corduroy Suit, Olive,no,422
27, 27.jpg,34, S, Slim Fit Navy Puppytooth Suit, Navy,no,423
27, 27.jpg,36, S, Slim Fit Navy Puppytooth Suit, Navy,no,424
27, 27.jpg,38, S, Slim Fit Navy Puppytooth Suit, Navy,no,425
27, 27.jpg,40, S, Slim Fit Navy Puppytooth Suit, Navy,no,426
27, 27.jpg,42, S, Slim Fit Navy Puppytooth Suit, Navy,no,427
27, 27.jpg,44, S, Slim Fit Navy Puppytooth Suit, Navy,no,428
27, 27.jpg,46, S, Slim Fit Navy Puppytooth Suit, Navy,no,429
27, 27.jpg,48, S, Slim Fit Navy Puppytooth Suit, Navy,no,430
27, 27.jpg,50, S, Slim Fit Navy Puppytooth Suit, Navy,no,431
27, 27.jpg,52, S, Slim Fit Navy Puppytooth Suit, Navy,no,432
27, 27.jpg,34, R, Slim Fit Navy Puppytooth Suit, Navy,no,433
27, 27.jpg,36, R, Slim Fit Navy Puppytooth Suit, Navy,no,434
27, 27.jpg,38, R, Slim Fit Navy Puppytooth Suit, Navy,no,435
27, 27.jpg,40, R, Slim Fit Navy Puppytooth Suit, Navy,no,436
27, 27.jpg,42, R, Slim Fit Navy Puppytooth Suit, Navy,no,437
27, 27.jpg,44, R, Slim Fit Navy Puppytooth Suit, Navy,no,438
27, 27.jpg,46, R, Slim Fit Navy Puppytooth Suit, Navy,no,439
27, 27.jpg,48, R, Slim Fit Navy Puppytooth Suit, Navy,no,440
27, 27.jpg,50, R, Slim Fit Navy Puppytooth Suit, Navy,no,441
27, 27.jpg,52, R, Slim Fit Navy Puppytooth Suit, Navy,no,442
27, 27.jpg,34, L, Slim Fit Navy Puppytooth Suit, Navy,no,443
27, 27.jpg,36, L, Slim Fit Navy Puppytooth Suit, Navy,no,444
27, 27.jpg,38, L, Slim Fit Navy Puppytooth Suit, Navy,no,445
27, 27.jpg,40, L, Slim Fit Navy Puppytooth Suit, Navy,no,446
27, 27.jpg,42, L, Slim Fit Navy Puppytooth Suit, Navy,no,447
27, 27.jpg,44, L, Slim Fit Navy Puppytooth Suit, Navy,no,448
27, 27.jpg,46, L, Slim Fit Navy Puppytooth Suit, Navy,no,449
27, 27.jpg,48, L, Slim Fit Navy Puppytooth Suit, Navy,no,450
27, 27.jpg,50, L, Slim Fit Navy Puppytooth Suit, Navy,no,451
27, 27.jpg,52, L, Slim Fit Navy Puppytooth Suit, Navy,no,452
29, 29.jpg,34, S, Italian Tailored Fit Navy Check Suit, Navy,no,453
29, 29.jpg,36, S, Italian Tailored Fit Navy Check Suit, Navy,no,454
29, 29.jpg,38, S, Italian Tailored Fit Navy Check Suit, Navy,no,455
29, 29.jpg,40, S, Italian Tailored Fit Navy Check Suit, Navy,no,456
29, 29.jpg,42, S, Italian Tailored Fit Navy Check Suit, Navy,no,457
29, 29.jpg,44, S, Italian Tailored Fit Navy Check Suit, Navy,no,458
29, 29.jpg,46, S, Italian Tailored Fit Navy Check Suit, Navy,no,459
29, 29.jpg,48, S, Italian Tailored Fit Navy Check Suit, Navy,no,460
29, 29.jpg,50, S, Italian Tailored Fit Navy Check Suit, Navy,no,461
29, 29.jpg,52, S, Italian Tailored Fit Navy Check Suit, Navy,no,462
29, 29.jpg,34, R, Italian Tailored Fit Navy Check Suit, Navy,no,463
29, 29.jpg,36, R, Italian Tailored Fit Navy Check Suit, Navy,no,464
29, 29.jpg,38, R, Italian Tailored Fit Navy Check Suit, Navy,no,465
29, 29.jpg,40, R, Italian Tailored Fit Navy Check Suit, Navy,no,466
29, 29.jpg,42, R, Italian Tailored Fit Navy Check Suit, Navy,no,467
29, 29.jpg,44, R, Italian Tailored Fit Navy Check Suit, Navy,no,468
29, 29.jpg,46, R, Italian Tailored Fit Navy Check Suit, Navy,no,469
29, 29.jpg,48, R, Italian Tailored Fit Navy Check Suit, Navy,no,470
29, 29.jpg,50, R, Italian Tailored Fit Navy Check Suit, Navy,no,471
29, 29.jpg,52, R, Italian Tailored Fit Navy Check Suit, Navy,no,472
29, 29.jpg,34, L, Italian Tailored Fit Navy Check Suit, Navy,no,473
29, 29.jpg,36, L, Italian Tailored Fit Navy Check Suit, Navy,no,474
29, 29.jpg,38, L, Italian Tailored Fit Navy Check Suit, Navy,no,475
29, 29.jpg,40, L, Italian Tailored Fit Navy Check Suit, Navy,no,476
29, 29.jpg,42, L, Italian Tailored Fit Navy Check Suit, Navy,no,477
29, 29.jpg,44, L, Italian Tailored Fit Navy Check Suit, Navy,no,478
29, 29.jpg,46, L, Italian Tailored Fit Navy Check Suit, Navy,no,479
29, 29.jpg,48, L, Italian Tailored Fit Navy Check Suit, Navy,no,480
29, 29.jpg,50, L, Italian Tailored Fit Navy Check Suit, Navy,no,481
29, 29.jpg,52, L, Italian Tailored Fit Navy Check Suit, Navy,no,482
31, 31.jpg,34, S, Italian Tailored Fit Navy Twill Suit, Navy,no,483
31, 31.jpg,36, S, Italian Tailored Fit Navy Twill Suit, Navy,no,484
31, 31.jpg,38, S, Italian Tailored Fit Navy Twill Suit, Navy,no,485
31, 31.jpg,40, S, Italian Tailored Fit Navy Twill Suit, Navy,no,486
31, 31.jpg,42, S, Italian Tailored Fit Navy Twill Suit, Navy,no,487
31, 31.jpg,44, S, Italian Tailored Fit Navy Twill Suit, Navy,no,488
31, 31.jpg,46, S, Italian Tailored Fit Navy Twill Suit, Navy,no,489
31, 31.jpg,48, S, Italian Tailored Fit Navy Twill Suit, Navy,no,490
31, 31.jpg,50, S, Italian Tailored Fit Navy Twill Suit, Navy,no,491
31, 31.jpg,52, S, Italian Tailored Fit Navy Twill Suit, Navy,no,492
31, 31.jpg,34, R, Italian Tailored Fit Navy Twill Suit, Navy,no,493
31, 31.jpg,36, R, Italian Tailored Fit Navy Twill Suit, Navy,no,494
31, 31.jpg,38, R, Italian Tailored Fit Navy Twill Suit, Navy,no,495
31, 31.jpg,40, R, Italian Tailored Fit Navy Twill Suit, Navy,no,496
31, 31.jpg,42, R, Italian Tailored Fit Navy Twill Suit, Navy,no,497
31, 31.jpg,44, R, Italian Tailored Fit Navy Twill Suit, Navy,no,498
31, 31.jpg,46, R, Italian Tailored Fit Navy Twill Suit, Navy,no,499
31, 31.jpg,48, R, Italian Tailored Fit Navy Twill Suit, Navy,no,500
31, 31.jpg,50, R, Italian Tailored Fit Navy Twill Suit, Navy,no,501
31, 31.jpg,52, R, Italian Tailored Fit Navy Twill Suit, Navy,no,502
31, 31.jpg,34, L, Italian Tailored Fit Navy Twill Suit, Navy,no,503
31, 31.jpg,36, L, Italian Tailored Fit Navy Twill Suit, Navy,no,504
31, 31.jpg,38, L, Italian Tailored Fit Navy Twill Suit, Navy,no,505
31, 31.jpg,40, L, Italian Tailored Fit Navy Twill Suit, Navy,no,506
31, 31.jpg,42, L, Italian Tailored Fit Navy Twill Suit, Navy,no,507
31, 31.jpg,44, L, Italian Tailored Fit Navy Twill Suit, Navy,no,508
31, 31.jpg,46, L, Italian Tailored Fit Navy Twill Suit, Navy,no,509
31, 31.jpg,48, L, Italian Tailored Fit Navy Twill Suit, Navy,no,510
31, 31.jpg,50, L, Italian Tailored Fit Navy Twill Suit, Navy,no,511
31, 31.jpg,52, L, Italian Tailored Fit Navy Twill Suit, Navy,no,512
33, 33.jpg,34, S, Tailored Fit Blue Suit, Blue,no,513
33, 33.jpg,36, S, Tailored Fit Blue Suit, Blue,no,514
33, 33.jpg,38, S, Tailored Fit Blue Suit, Blue,no,515
33, 33.jpg,40, S, Tailored Fit Blue Suit, Blue,no,516
33, 33.jpg,42, S, Tailored Fit Blue Suit, Blue,no,517
33, 33.jpg,44, S, Tailored Fit Blue Suit, Blue,no,518
33, 33.jpg,46, S, Tailored Fit Blue Suit, Blue,no,519
33, 33.jpg,48, S, Tailored Fit Blue Suit, Blue,no,520
33, 33.jpg,50, S, Tailored Fit Blue Suit, Blue,no,521
33, 33.jpg,52, S, Tailored Fit Blue Suit, Blue,no,522
33, 33.jpg,34, R, Tailored Fit Blue Suit, Blue,no,523
33, 33.jpg,36, R, Tailored Fit Blue Suit, Blue,no,524
33, 33.jpg,38, R, Tailored Fit Blue Suit, Blue,no,525
33, 33.jpg,40, R, Tailored Fit Blue Suit, Blue,no,526
33, 33.jpg,42, R, Tailored Fit Blue Suit, Blue,no,527
33, 33.jpg,44, R, Tailored Fit Blue Suit, Blue,no,528
33, 33.jpg,46, R, Tailored Fit Blue Suit, Blue,no,529
33, 33.jpg,48, R, Tailored Fit Blue Suit, Blue,no,530
33, 33.jpg,50, R, Tailored Fit Blue Suit, Blue,no,531
33, 33.jpg,52, R, Tailored Fit Blue Suit, Blue,no,532
33, 33.jpg,34, L, Tailored Fit Blue Suit, Blue,no,533
33, 33.jpg,36, L, Tailored Fit Blue Suit, Blue,no,534
33, 33.jpg,38, L, Tailored Fit Blue Suit, Blue,no,535
33, 33.jpg,40, L, Tailored Fit Blue Suit, Blue,no,536
33, 33.jpg,42, L, Tailored Fit Blue Suit, Blue,no,537
33, 33.jpg,44, L, Tailored Fit Blue Suit, Blue,no,538
33, 33.jpg,46, L, Tailored Fit Blue Suit, Blue,no,539
33, 33.jpg,48, L, Tailored Fit Blue Suit, Blue,no,540
33, 33.jpg,50, L, Tailored Fit Blue Suit, Blue,no,541
33, 33.jpg,52, L, Tailored Fit Blue Suit, Blue,no,542
35, 35.jpg,34, S, Italian Tailored Fit Navy Stripe Suit, Navy,no,543
35, 35.jpg,36, S, Italian Tailored Fit Navy Stripe Suit, Navy,no,544
35, 35.jpg,38, S, Italian Tailored Fit Navy Stripe Suit, Navy,no,545
35, 35.jpg,40, S, Italian Tailored Fit Navy Stripe Suit, Navy,no,546
35, 35.jpg,42, S, Italian Tailored Fit Navy Stripe Suit, Navy,no,547
35, 35.jpg,44, S, Italian Tailored Fit Navy Stripe Suit, Navy,no,548
35, 35.jpg,46, S, Italian Tailored Fit Navy Stripe Suit, Navy,no,549
35, 35.jpg,48, S, Italian Tailored Fit Navy Stripe Suit, Navy,no,550
35, 35.jpg,50, S, Italian Tailored Fit Navy Stripe Suit, Navy,no,551
35, 35.jpg,52, S, Italian Tailored Fit Navy Stripe Suit, Navy,no,552
35, 35.jpg,34, R, Italian Tailored Fit Navy Stripe Suit, Navy,no,553
35, 35.jpg,36, R, Italian Tailored Fit Navy Stripe Suit, Navy,no,554
35, 35.jpg,38, R, Italian Tailored Fit Navy Stripe Suit, Navy,no,555
35, 35.jpg,40, R, Italian Tailored Fit Navy Stripe Suit, Navy,no,556
35, 35.jpg,42, R, Italian Tailored Fit Navy Stripe Suit, Navy,no,557
35, 35.jpg,44, R, Italian Tailored Fit Navy Stripe Suit, Navy,no,558
35, 35.jpg,46, R, Italian Tailored Fit Navy Stripe Suit, Navy,no,559
35, 35.jpg,48, R, Italian Tailored Fit Navy Stripe Suit, Navy,no,560
35, 35.jpg,50, R, Italian Tailored Fit Navy Stripe Suit, Navy,no,561
35, 35.jpg,52, R, Italian Tailored Fit Navy Stripe Suit, Navy,no,562
35, 35.jpg,34, L, Italian Tailored Fit Navy Stripe Suit, Navy,no,563
35, 35.jpg,36, L, Italian Tailored Fit Navy Stripe Suit, Navy,no,564
35, 35.jpg,38, L, Italian Tailored Fit Navy Stripe Suit, Navy,no,565
35, 35.jpg,40, L, Italian Tailored Fit Navy Stripe Suit, Navy,no,566
35, 35.jpg,42, L, Italian Tailored Fit Navy Stripe Suit, Navy,no,567
35, 35.jpg,44, L, Italian Tailored Fit Navy Stripe Suit, Navy,no,568
35, 35.jpg,46, L, Italian Tailored Fit Navy Stripe Suit, Navy,no,569
35, 35.jpg,48, L, Italian Tailored Fit Navy Stripe Suit, Navy,no,570
35, 35.jpg,50, L, Italian Tailored Fit Navy Stripe Suit, Navy,no,571
35, 35.jpg,52, L, Italian Tailored Fit Navy Stripe Suit, Navy,no,572
37, 37.jpg,34, S, Italian Tailored Fit Charcoal Twill Suit, Charcoal,no,573
37, 37.jpg,36, S, Italian Tailored Fit Charcoal Twill Suit, Charcoal,no,574
37, 37.jpg,38, S, Italian Tailored Fit Charcoal Twill Suit, Charcoal,no,575
37, 37.jpg,40, S, Italian Tailored Fit Charcoal Twill Suit, Charcoal,no,576
37, 37.jpg,42, S, Italian Tailored Fit Charcoal Twill Suit, Charcoal,no,577
37, 37.jpg,44, S, Italian Tailored Fit Charcoal Twill Suit, Charcoal,no,578
37, 37.jpg,46, S, Italian Tailored Fit Charcoal Twill Suit, Charcoal,no,579
37, 37.jpg,48, S, Italian Tailored Fit Charcoal Twill Suit, Charcoal,no,580
37, 37.jpg,50, S, Italian Tailored Fit Charcoal Twill Suit, Charcoal,no,581
37, 37.jpg,52, S, Italian Tailored Fit Charcoal Twill Suit, Charcoal,no,582
37, 37.jpg,34, R, Italian Tailored Fit Charcoal Twill Suit, Charcoal,no,583
37, 37.jpg,36, R, Italian Tailored Fit Charcoal Twill Suit, Charcoal,no,584
37, 37.jpg,38, R, Italian Tailored Fit Charcoal Twill Suit, Charcoal,no,585
37, 37.jpg,40, R, Italian Tailored Fit Charcoal Twill Suit, Charcoal,no,586
37, 37.jpg,42, R, Italian Tailored Fit Charcoal Twill Suit, Charcoal,no,587
37, 37.jpg,44, R, Italian Tailored Fit Charcoal Twill Suit, Charcoal,no,588
37, 37.jpg,46, R, Italian Tailored Fit Charcoal Twill Suit, Charcoal,no,589
37, 37.jpg,48, R, Italian Tailored Fit Charcoal Twill Suit, Charcoal,no,590
37, 37.jpg,50, R, Italian Tailored Fit Charcoal Twill Suit, Charcoal,no,591
37, 37.jpg,52, R, Italian Tailored Fit Charcoal Twill Suit, Charcoal,no,592
37, 37.jpg,34, L, Italian Tailored Fit Charcoal Twill Suit, Charcoal,no,593
37, 37.jpg,36, L, Italian Tailored Fit Charcoal Twill Suit, Charcoal,no,594
37, 37.jpg,38, L, Italian Tailored Fit Charcoal Twill Suit, Charcoal,no,595
37, 37.jpg,40, L, Italian Tailored Fit Charcoal Twill Suit, Charcoal,no,596
37, 37.jpg,42, L, Italian Tailored Fit Charcoal Twill Suit, Charcoal,no,597
37, 37.jpg,44, L, Italian Tailored Fit Charcoal Twill Suit, Charcoal,no,598
37, 37.jpg,46, L, Italian Tailored Fit Charcoal Twill Suit, Charcoal,no,599
37, 37.jpg,48, L, Italian Tailored Fit Charcoal Twill Suit, Charcoal,no,600
37, 37.jpg,50, L, Italian Tailored Fit Charcoal Twill Suit, Charcoal,no,601
37, 37.jpg,52, L, Italian Tailored Fit Charcoal Twill Suit, Charcoal,no,602
39, 39.jpg,34, S, Italian Tailored Fit Navy Check Suit, Navy,no,603
39, 39.jpg,36, S, Italian Tailored Fit Navy Check Suit, Navy,no,604
39, 39.jpg,38, S, Italian Tailored Fit Navy Check Suit, Navy,no,605
39, 39.jpg,40, S, Italian Tailored Fit Navy Check Suit, Navy,no,606
39, 39.jpg,42, S, Italian Tailored Fit Navy Check Suit, Navy,no,607
39, 39.jpg,44, S, Italian Tailored Fit Navy Check Suit, Navy,no,608
39, 39.jpg,46, S, Italian Tailored Fit Navy Check Suit, Navy,no,609
39, 39.jpg,48, S, Italian Tailored Fit Navy Check Suit, Navy,no,610
39, 39.jpg,50, S, Italian Tailored Fit Navy Check Suit, Navy,no,611
39, 39.jpg,52, S, Italian Tailored Fit Navy Check Suit, Navy,no,612
39, 39.jpg,34, R, Italian Tailored Fit Navy Check Suit, Navy,no,613
39, 39.jpg,36, R, Italian Tailored Fit Navy Check Suit, Navy,no,614
39, 39.jpg,38, R, Italian Tailored Fit Navy Check Suit, Navy,no,615
39, 39.jpg,40, R, Italian Tailored Fit Navy Check Suit, Navy,no,616
39, 39.jpg,42, R, Italian Tailored Fit Navy Check Suit, Navy,no,617
39, 39.jpg,44, R, Italian Tailored Fit Navy Check Suit, Navy,no,618
39, 39.jpg,46, R, Italian Tailored Fit Navy Check Suit, Navy,no,619
39, 39.jpg,48, R, Italian Tailored Fit Navy Check Suit, Navy,no,620
39, 39.jpg,50, R, Italian Tailored Fit Navy Check Suit, Navy,no,621
39, 39.jpg,52, R, Italian Tailored Fit Navy Check Suit, Navy,no,622
39, 39.jpg,34, L, Italian Tailored Fit Navy Check Suit, Navy,no,623
39, 39.jpg,36, L, Italian Tailored Fit Navy Check Suit, Navy,no,624
39, 39.jpg,38, L, Italian Tailored Fit Navy Check Suit, Navy,no,625
39, 39.jpg,40, L, Italian Tailored Fit Navy Check Suit, Navy,no,626
39, 39.jpg,42, L, Italian Tailored Fit Navy Check Suit, Navy,no,627
39, 39.jpg,44, L, Italian Tailored Fit Navy Check Suit, Navy,no,628
39, 39.jpg,46, L, Italian Tailored Fit Navy Check Suit, Navy,no,629
39, 39.jpg,48, L, Italian Tailored Fit Navy Check Suit, Navy,no,630
39, 39.jpg,50, L, Italian Tailored Fit Navy Check Suit, Navy,no,631
39, 39.jpg,52, L, Italian Tailored Fit Navy Check Suit, Navy,no,632
41, 41.jpg,34, S, Slim Fit Khaki Donegal Tweed Suit, Khaki,no,633
41, 41.jpg,36, S, Slim Fit Khaki Donegal Tweed Suit, Khaki,no,634
41, 41.jpg,38, S, Slim Fit Khaki Donegal Tweed Suit, Khaki,no,635
41, 41.jpg,40, S, Slim Fit Khaki Donegal Tweed Suit, Khaki,no,636
41, 41.jpg,42, S, Slim Fit Khaki Donegal Tweed Suit, Khaki,no,637
41, 41.jpg,44, S, Slim Fit Khaki Donegal Tweed Suit, Khaki,no,638
41, 41.jpg,46, S, Slim Fit Khaki Donegal Tweed Suit, Khaki,no,639
41, 41.jpg,48, S, Slim Fit Khaki Donegal Tweed Suit, Khaki,no,640
41, 41.jpg,50, S, Slim Fit Khaki Donegal Tweed Suit, Khaki,no,641
41, 41.jpg,52, S, Slim Fit Khaki Donegal Tweed Suit, Khaki,no,642
41, 41.jpg,34, R, Slim Fit Khaki Donegal Tweed Suit, Khaki,no,643
41, 41.jpg,36, R, Slim Fit Khaki Donegal Tweed Suit, Khaki,no,644
41, 41.jpg,38, R, Slim Fit Khaki Donegal Tweed Suit, Khaki,no,645
41, 41.jpg,40, R, Slim Fit Khaki Donegal Tweed Suit, Khaki,no,646
41, 41.jpg,42, R, Slim Fit Khaki Donegal Tweed Suit, Khaki,no,647
41, 41.jpg,44, R, Slim Fit Khaki Donegal Tweed Suit, Khaki,no,648
41, 41.jpg,46, R, Slim Fit Khaki Donegal Tweed Suit, Khaki,no,649
41, 41.jpg,48, R, Slim Fit Khaki Donegal Tweed Suit, Khaki,no,650
41, 41.jpg,50, R, Slim Fit Khaki Donegal Tweed Suit, Khaki,no,651
41, 41.jpg,52, R, Slim Fit Khaki Donegal Tweed Suit, Khaki,no,652
41, 41.jpg,34, L, Slim Fit Khaki Donegal Tweed Suit, Khaki,no,653
41, 41.jpg,36, L, Slim Fit Khaki Donegal Tweed Suit, Khaki,no,654
41, 41.jpg,38, L, Slim Fit Khaki Donegal Tweed Suit, Khaki,no,655
41, 41.jpg,40, L, Slim Fit Khaki Donegal Tweed Suit, Khaki,no,656
41, 41.jpg,42, L, Slim Fit Khaki Donegal Tweed Suit, Khaki,no,657
41, 41.jpg,44, L, Slim Fit Khaki Donegal Tweed Suit, Khaki,no,658
41, 41.jpg,46, L, Slim Fit Khaki Donegal Tweed Suit, Khaki,no,659
41, 41.jpg,48, L, Slim Fit Khaki Donegal Tweed Suit, Khaki,no,660
41, 41.jpg,50, L, Slim Fit Khaki Donegal Tweed Suit, Khaki,no,661
41, 41.jpg,52, L, Slim Fit Khaki Donegal Tweed Suit, Khaki,no,662
43, 43.jpg,34, S, Slim Fit Dark Teal Flannel Suit, Dark Teal,no,663
43, 43.jpg,36, S, Slim Fit Dark Teal Flannel Suit, Dark Teal,no,664
43, 43.jpg,38, S, Slim Fit Dark Teal Flannel Suit, Dark Teal,no,665
43, 43.jpg,40, S, Slim Fit Dark Teal Flannel Suit, Dark Teal,no,666
43, 43.jpg,42, S, Slim Fit Dark Teal Flannel Suit, Dark Teal,no,667
43, 43.jpg,44, S, Slim Fit Dark Teal Flannel Suit, Dark Teal,no,668
43, 43.jpg,46, S, Slim Fit Dark Teal Flannel Suit, Dark Teal,no,669
43, 43.jpg,48, S, Slim Fit Dark Teal Flannel Suit, Dark Teal,no,670
43, 43.jpg,50, S, Slim Fit Dark Teal Flannel Suit, Dark Teal,no,671
43, 43.jpg,52, S, Slim Fit Dark Teal Flannel Suit, Dark Teal,no,672
43, 43.jpg,34, R, Slim Fit Dark Teal Flannel Suit, Dark Teal,no,673
43, 43.jpg,36, R, Slim Fit Dark Teal Flannel Suit, Dark Teal,no,674
43, 43.jpg,38, R, Slim Fit Dark Teal Flannel Suit, Dark Teal,no,675
43, 43.jpg,40, R, Slim Fit Dark Teal Flannel Suit, Dark Teal,no,676
43, 43.jpg,42, R, Slim Fit Dark Teal Flannel Suit, Dark Teal,no,677
43, 43.jpg,44, R, Slim Fit Dark Teal Flannel Suit, Dark Teal,no,678
43, 43.jpg,46, R, Slim Fit Dark Teal Flannel Suit, Dark Teal,no,679
43, 43.jpg,48, R, Slim Fit Dark Teal Flannel Suit, Dark Teal,no,680
43, 43.jpg,50, R, Slim Fit Dark Teal Flannel Suit, Dark Teal,no,681
43, 43.jpg,52, R, Slim Fit Dark Teal Flannel Suit, Dark Teal,no,682
43, 43.jpg,34, L, Slim Fit Dark Teal Flannel Suit, Dark Teal,no,683
43, 43.jpg,36, L, Slim Fit Dark Teal Flannel Suit, Dark Teal,no,684
43, 43.jpg,38, L, Slim Fit Dark Teal Flannel Suit, Dark Teal,no,685
43, 43.jpg,40, L, Slim Fit Dark Teal Flannel Suit, Dark Teal,no,686
43, 43.jpg,42, L, Slim Fit Dark Teal Flannel Suit, Dark Teal,no,687
43, 43.jpg,44, L, Slim Fit Dark Teal Flannel Suit, Dark Teal,no,688
43, 43.jpg,46, L, Slim Fit Dark Teal Flannel Suit, Dark Teal,no,689
43, 43.jpg,48, L, Slim Fit Dark Teal Flannel Suit, Dark Teal,no,690
43, 43.jpg,50, L, Slim Fit Dark Teal Flannel Suit, Dark Teal,no,691
43, 43.jpg,52, L, Slim Fit Dark Teal Flannel Suit, Dark Teal,no,692
45, 45.jpg,34, S, Tailored Fit Black Performance Suit, Black,no,693
45, 45.jpg,36, S, Tailored Fit Black Performance Suit, Black,no,694
45, 45.jpg,38, S, Tailored Fit Black Performance Suit, Black,no,695
45, 45.jpg,40, S, Tailored Fit Black Performance Suit, Black,no,696
45, 45.jpg,42, S, Tailored Fit Black Performance Suit, Black,no,697
45, 45.jpg,44, S, Tailored Fit Black Performance Suit, Black,no,698
45, 45.jpg,46, S, Tailored Fit Black Performance Suit, Black,no,699
45, 45.jpg,48, S, Tailored Fit Black Performance Suit, Black,no,700
45, 45.jpg,50, S, Tailored Fit Black Performance Suit, Black,no,701
45, 45.jpg,52, S, Tailored Fit Black Performance Suit, Black,no,702
45, 45.jpg,34, R, Tailored Fit Black Performance Suit, Black,no,703
45, 45.jpg,36, R, Tailored Fit Black Performance Suit, Black,no,704
45, 45.jpg,38, R, Tailored Fit Black Performance Suit, Black,no,705
45, 45.jpg,40, R, Tailored Fit Black Performance Suit, Black,no,706
45, 45.jpg,42, R, Tailored Fit Black Performance Suit, Black,no,707
45, 45.jpg,44, R, Tailored Fit Black Performance Suit, Black,no,708
45, 45.jpg,46, R, Tailored Fit Black Performance Suit, Black,no,709
45, 45.jpg,48, R, Tailored Fit Black Performance Suit, Black,no,710
45, 45.jpg,50, R, Tailored Fit Black Performance Suit, Black,no,711
45, 45.jpg,52, R, Tailored Fit Black Performance Suit, Black,no,712
45, 45.jpg,34, L, Tailored Fit Black Performance Suit, Black,no,713
45, 45.jpg,36, L, Tailored Fit Black Performance Suit, Black,no,714
45, 45.jpg,38, L, Tailored Fit Black Performance Suit, Black,no,715
45, 45.jpg,40, L, Tailored Fit Black Performance Suit, Black,no,716
45, 45.jpg,42, L, Tailored Fit Black Performance Suit, Black,no,717
45, 45.jpg,44, L, Tailored Fit Black Performance Suit, Black,no,718
45, 45.jpg,46, L, Tailored Fit Black Performance Suit, Black,no,719
45, 45.jpg,48, L, Tailored Fit Black Performance Suit, Black,no,720
45, 45.jpg,50, L, Tailored Fit Black Performance Suit, Black,no,721
45, 45.jpg,52, L, Tailored Fit Black Performance Suit, Black,no,722
47, 47.jpg,34, S, Slim Fit Neutral Suit, Neutral,no,723
47, 47.jpg,36, S, Slim Fit Neutral Suit, Neutral,no,724
47, 47.jpg,38, S, Slim Fit Neutral Suit, Neutral,no,725
47, 47.jpg,40, S, Slim Fit Neutral Suit, Neutral,no,726
47, 47.jpg,42, S, Slim Fit Neutral Suit, Neutral,no,727
47, 47.jpg,44, S, Slim Fit Neutral Suit, Neutral,no,728
47, 47.jpg,46, S, Slim Fit Neutral Suit, Neutral,no,729
47, 47.jpg,48, S, Slim Fit Neutral Suit, Neutral,no,730
47, 47.jpg,50, S, Slim Fit Neutral Suit, Neutral,no,731
47, 47.jpg,52, S, Slim Fit Neutral Suit, Neutral,no,732
47, 47.jpg,34, R, Slim Fit Neutral Suit, Neutral,no,733
47, 47.jpg,36, R, Slim Fit Neutral Suit, Neutral,no,734
47, 47.jpg,38, R, Slim Fit Neutral Suit, Neutral,no,735
47, 47.jpg,40, R, Slim Fit Neutral Suit, Neutral,no,736
47, 47.jpg,42, R, Slim Fit Neutral Suit, Neutral,no,737
47, 47.jpg,44, R, Slim Fit Neutral Suit, Neutral,no,738
47, 47.jpg,46, R, Slim Fit Neutral Suit, Neutral,no,739
47, 47.jpg,48, R, Slim Fit Neutral Suit, Neutral,no,740
47, 47.jpg,50, R, Slim Fit Neutral Suit, Neutral,no,741
47, 47.jpg,52, R, Slim Fit Neutral Suit, Neutral,no,742
47, 47.jpg,34, L, Slim Fit Neutral Suit, Neutral,no,743
47, 47.jpg,36, L, Slim Fit Neutral Suit, Neutral,no,744
47, 47.jpg,38, L, Slim Fit Neutral Suit, Neutral,no,745
47, 47.jpg,40, L, Slim Fit Neutral Suit, Neutral,no,746
47, 47.jpg,42, L, Slim Fit Neutral Suit, Neutral,no,747
47, 47.jpg,44, L, Slim Fit Neutral Suit, Neutral,no,748
47, 47.jpg,46, L, Slim Fit Neutral Suit, Neutral,no,749
47, 47.jpg,48, L, Slim Fit Neutral Suit, Neutral,no,750
47, 47.jpg,50, L, Slim Fit Neutral Suit, Neutral,no,751
47, 47.jpg,52, L, Slim Fit Neutral Suit, Neutral,no,752
49, 49.jpg,34, S, Italian Tailored Fit Navy Suit, Navy,no,753
49, 49.jpg,36, S, Italian Tailored Fit Navy Suit, Navy,no,754
49, 49.jpg,38, S, Italian Tailored Fit Navy Suit, Navy,no,755
49, 49.jpg,40, S, Italian Tailored Fit Navy Suit, Navy,no,756
49, 49.jpg,42, S, Italian Tailored Fit Navy Suit, Navy,no,757
49, 49.jpg,44, S, Italian Tailored Fit Navy Suit, Navy,no,758
49, 49.jpg,46, S, Italian Tailored Fit Navy Suit, Navy,no,759
49, 49.jpg,48, S, Italian Tailored Fit Navy Suit, Navy,no,760
49, 49.jpg,50, S, Italian Tailored Fit Navy Suit, Navy,no,761
49, 49.jpg,52, S, Italian Tailored Fit Navy Suit, Navy,no,762
49, 49.jpg,34, R, Italian Tailored Fit Navy Suit, Navy,no,763
49, 49.jpg,36, R, Italian Tailored Fit Navy Suit, Navy,no,764
49, 49.jpg,38, R, Italian Tailored Fit Navy Suit, Navy,no,765
49, 49.jpg,40, R, Italian Tailored Fit Navy Suit, Navy,no,766
49, 49.jpg,42, R, Italian Tailored Fit Navy Suit, Navy,no,767
49, 49.jpg,44, R, Italian Tailored Fit Navy Suit, Navy,no,768
49, 49.jpg,46, R, Italian Tailored Fit Navy Suit, Navy,no,769
49, 49.jpg,48, R, Italian Tailored Fit Navy Suit, Navy,no,770
49, 49.jpg,50, R, Italian Tailored Fit Navy Suit, Navy,no,771
49, 49.jpg,52, R, Italian Tailored Fit Navy Suit, Navy,no,772
49, 49.jpg,34, L, Italian Tailored Fit Navy Suit, Navy,no,773
49, 49.jpg,36, L, Italian Tailored Fit Navy Suit, Navy,no,774
49, 49.jpg,38, L, Italian Tailored Fit Navy Suit, Navy,no,775
49, 49.jpg,40, L, Italian Tailored Fit Navy Suit, Navy,no,776
49, 49.jpg,42, L, Italian Tailored Fit Navy Suit, Navy,no,777
49, 49.jpg,44, L, Italian Tailored Fit Navy Suit, Navy,no,778
49, 49.jpg,46, L, Italian Tailored Fit Navy Suit, Navy,no,779
49, 49.jpg,48, L, Italian Tailored Fit Navy Suit, Navy,no,780
49, 49.jpg,50, L, Italian Tailored Fit Navy Suit, Navy,no,781
49, 49.jpg,52, L, Italian Tailored Fit Navy Suit, Navy,no,782
2,2.jpg,34,S,Slim Fit Grey Pinstripe Double Breasted Two Piece Suit,Grey,no,783
2,2.jpg,34,R,Slim Fit Grey Pinstripe Double Breasted Two Piece Suit,Grey,no,784
2,2.jpg,34,L,Slim Fit Grey Pinstripe Double Breasted Two Piece Suit,Grey,no,785
2,2.jpg,36,S,Slim Fit Grey Pinstripe Double Breasted Two Piece Suit,Grey,no,786
2,2.jpg,36,R,Slim Fit Grey Pinstripe Double Breasted Two Piece Suit,Grey,no,787
2,2.jpg,36,L,Slim Fit Grey Pinstripe Double Breasted Two Piece Suit,Grey,no,788
2,2.jpg,38,S,Slim Fit Grey Pinstripe Double Breasted Two Piece Suit,Grey,no,789
2,2.jpg,38,R,Slim Fit Grey Pinstripe Double Breasted Two Piece Suit,Grey,no,790
2,2.jpg,38,L,Slim Fit Grey Pinstripe Double Breasted Two Piece Suit,Grey,no,791
2,2.jpg,40,S,Slim Fit Grey Pinstripe Double Breasted Two Piece Suit,Grey,no,792
2,2.jpg,40,R,Slim Fit Grey Pinstripe Double Breasted Two Piece Suit,Grey,no,793
2,2.jpg,40,L,Slim Fit Grey Pinstripe Double Breasted Two Piece Suit,Grey,no,794
2,2.jpg,42,S,Slim Fit Grey Pinstripe Double Breasted Two Piece Suit,Grey,no,795
2,2.jpg,42,R,Slim Fit Grey Pinstripe Double Breasted Two Piece Suit,Grey,no,796
2,2.jpg,42,L,Slim Fit Grey Pinstripe Double Breasted Two Piece Suit,Grey,no,797
2,2.jpg,44,S,Slim Fit Grey Pinstripe Double Breasted Two Piece Suit,Grey,no,798
2,2.jpg,44,R,Slim Fit Grey Pinstripe Double Breasted Two Piece Suit,Grey,no,799
2,2.jpg,44,L,Slim Fit Grey Pinstripe Double Breasted Two Piece Suit,Grey,no,800
2,2.jpg,46,S,Slim Fit Grey Pinstripe Double Breasted Two Piece Suit,Grey,no,801
2,2.jpg,46,R,Slim Fit Grey Pinstripe Double Breasted Two Piece Suit,Grey,no,802
2,2.jpg,46,L,Slim Fit Grey Pinstripe Double Breasted Two Piece Suit,Grey,no,803
4,4.jpg,34,S,Tailored Fit Black Three Piece Tuxedo,Black,no,804
4,4.jpg,34,R,Tailored Fit Black Three Piece Tuxedo,Black,no,805
4,4.jpg,34,L,Tailored Fit Black Three Piece Tuxedo,Black,no,806
4,4.jpg,36,S,Tailored Fit Black Three Piece Tuxedo,Black,no,807
4,4.jpg,36,R,Tailored Fit Black Three Piece Tuxedo,Black,no,808
4,4.jpg,36,L,Tailored Fit Black Three Piece Tuxedo,Black,no,809
4,4.jpg,38,S,Tailored Fit Black Three Piece Tuxedo,Black,no,810
4,4.jpg,38,R,Tailored Fit Black Three Piece Tuxedo,Black,no,811
4,4.jpg,38,L,Tailored Fit Black Three Piece Tuxedo,Black,no,812
4,4.jpg,40,S,Tailored Fit Black Three Piece Tuxedo,Black,no,813
4,4.jpg,40,R,Tailored Fit Black Three Piece Tuxedo,Black,no,814
4,4.jpg,40,L,Tailored Fit Black Three Piece Tuxedo,Black,no,815
4,4.jpg,42,S,Tailored Fit Black Three Piece Tuxedo,Black,no,816
4,4.jpg,42,R,Tailored Fit Black Three Piece Tuxedo,Black,no,817
4,4.jpg,42,L,Tailored Fit Black Three Piece Tuxedo,Black,no,818
4,4.jpg,44,S,Tailored Fit Black Three Piece Tuxedo,Black,no,819
4,4.jpg,44,R,Tailored Fit Black Three Piece Tuxedo,Black,no,820
4,4.jpg,44,L,Tailored Fit Black Three Piece Tuxedo,Black,no,821
4,4.jpg,46,S,Tailored Fit Black Three Piece Tuxedo,Black,no,822
4,4.jpg,46,R,Tailored Fit Black Three Piece Tuxedo,Black,no,823
4,4.jpg,46,L,Tailored Fit Black Three Piece Tuxedo,Black,no,824
4,4.jpg,48,S,Tailored Fit Black Three Piece Tuxedo,Black,no,825
4,4.jpg,48,R,Tailored Fit Black Three Piece Tuxedo,Black,no,826
4,4.jpg,48,L,Tailored Fit Black Three Piece Tuxedo,Black,no,827
4,4.jpg,50,S,Tailored Fit Black Three Piece Tuxedo,Black,no,828
4,4.jpg,50,R,Tailored Fit Black Three Piece Tuxedo,Black,no,829
4,4.jpg,50,L,Tailored Fit Black Three Piece Tuxedo,Black,no,830
4,4.jpg,52,S,Tailored Fit Black Three Piece Tuxedo,Black,no,831
4,4.jpg,52,R,Tailored Fit Black Three Piece Tuxedo,Black,no,832
4,4.jpg,52,L,Tailored Fit Black Three Piece Tuxedo,Black,no,833
6,6.jpg,38,S,Tailored Fit Green Check Tweed Three Piece Suit,Green,no,834
6,6.jpg,38,R,Tailored Fit Green Check Tweed Three Piece Suit,Green,no,835
6,6.jpg,38,L,Tailored Fit Green Check Tweed Three Piece Suit,Green,no,836
6,6.jpg,40,S,Tailored Fit Green Check Tweed Three Piece Suit,Green,no,837
6,6.jpg,40,R,Tailored Fit Green Check Tweed Three Piece Suit,Green,no,838
6,6.jpg,40,L,Tailored Fit Green Check Tweed Three Piece Suit,Green,no,839
6,6.jpg,42,S,Tailored Fit Green Check Tweed Three Piece Suit,Green,no,840
6,6.jpg,42,R,Tailored Fit Green Check Tweed Three Piece Suit,Green,no,841
6,6.jpg,42,L,Tailored Fit Green Check Tweed Three Piece Suit,Green,no,842
6,6.jpg,44,S,Tailored Fit Green Check Tweed Three Piece Suit,Green,no,843
6,6.jpg,44,R,Tailored Fit Green Check Tweed Three Piece Suit,Green,no,844
6,6.jpg,44,L,Tailored Fit Green Check Tweed Three Piece Suit,Green,no,845
6,6.jpg,46,S,Tailored Fit Green Check Tweed Three Piece Suit,Green,no,846
6,6.jpg,46,R,Tailored Fit Green Check Tweed Three Piece Suit,Green,no,847
6,6.jpg,46,L,Tailored Fit Green Check Tweed Three Piece Suit,Green,no,848
6,6.jpg,48,S,Tailored Fit Green Check Tweed Three Piece Suit,Green,no,849
6,6.jpg,48,R,Tailored Fit Green Check Tweed Three Piece Suit,Green,no,850
6,6.jpg,48,L,Tailored Fit Green Check Tweed Three Piece Suit,Green,no,851
6,6.jpg,50,S,Tailored Fit Green Check Tweed Three Piece Suit,Green,no,852
6,6.jpg,50,R,Tailored Fit Green Check Tweed Three Piece Suit,Green,no,853
6,6.jpg,50,L,Tailored Fit Green Check Tweed Three Piece Suit,Green,no,854
6,6.jpg,52,S,Tailored Fit Green Check Tweed Three Piece Suit,Green,no,855
6,6.jpg,52,R,Tailored Fit Green Check Tweed Three Piece Suit,Green,no,856
6,6.jpg,52,L,Tailored Fit Green Check Tweed Three Piece Suit,Green,no,857
8,8.jpg,34,S,Slim Fit Navy Plain Three Piece Suit,Navy,no,858
8,8.jpg,34,R,Slim Fit Navy Plain Three Piece Suit,Navy,no,859
8,8.jpg,34,L,Slim Fit Navy Plain Three Piece Suit,Navy,no,860
8,8.jpg,36,S,Slim Fit Navy Plain Three Piece Suit,Navy,no,861
8,8.jpg,36,R,Slim Fit Navy Plain Three Piece Suit,Navy,no,862
8,8.jpg,36,L,Slim Fit Navy Plain Three Piece Suit,Navy,no,863
8,8.jpg,38,S,Slim Fit Navy Plain Three Piece Suit,Navy,no,864
8,8.jpg,38,R,Slim Fit Navy Plain Three Piece Suit,Navy,no,865
8,8.jpg,38,L,Slim Fit Navy Plain Three Piece Suit,Navy,no,866
8,8.jpg,40,S,Slim Fit Navy Plain Three Piece Suit,Navy,no,867
8,8.jpg,40,R,Slim Fit Navy Plain Three Piece Suit,Navy,no,868
8,8.jpg,40,L,Slim Fit Navy Plain Three Piece Suit,Navy,no,869
8,8.jpg,42,S,Slim Fit Navy Plain Three Piece Suit,Navy,no,870
8,8.jpg,42,R,Slim Fit Navy Plain Three Piece Suit,Navy,no,871
8,8.jpg,42,L,Slim Fit Navy Plain Three Piece Suit,Navy,no,872
8,8.jpg,44,S,Slim Fit Navy Plain Three Piece Suit,Navy,no,873
8,8.jpg,44,R,Slim Fit Navy Plain Three Piece Suit,Navy,no,874
8,8.jpg,44,L,Slim Fit Navy Plain Three Piece Suit,Navy,no,875
8,8.jpg,46,S,Slim Fit Navy Plain Three Piece Suit,Navy,no,876
8,8.jpg,46,R,Slim Fit Navy Plain Three Piece Suit,Navy,no,877
8,8.jpg,46,L,Slim Fit Navy Plain Three Piece Suit,Navy,no,878
8,8.jpg,48,S,Slim Fit Navy Plain Three Piece Suit,Navy,no,879
8,8.jpg,48,R,Slim Fit Navy Plain Three Piece Suit,Navy,no,880
8,8.jpg,48,L,Slim Fit Navy Plain Three Piece Suit,Navy,no,881
8,8.jpg,50,S,Slim Fit Navy Plain Three Piece Suit,Navy,no,882
8,8.jpg,50,R,Slim Fit Navy Plain Three Piece Suit,Navy,no,883
8,8.jpg,50,L,Slim Fit Navy Plain Three Piece Suit,Navy,no,884
10,10.jpg,34,S,Slim Fit Black Plain Three Piece Suit,Black,no,885
10,10.jpg,34,R,Slim Fit Black Plain Three Piece Suit,Black,no,886
10,10.jpg,34,L,Slim Fit Black Plain Three Piece Suit,Black,no,887
10,10.jpg,36,S,Slim Fit Black Plain Three Piece Suit,Black,no,888
10,10.jpg,36,R,Slim Fit Black Plain Three Piece Suit,Black,no,889
10,10.jpg,36,L,Slim Fit Black Plain Three Piece Suit,Black,no,890
10,10.jpg,38,S,Slim Fit Black Plain Three Piece Suit,Black,no,891
10,10.jpg,38,R,Slim Fit Black Plain Three Piece Suit,Black,no,892
10,10.jpg,38,L,Slim Fit Black Plain Three Piece Suit,Black,no,893
10,10.jpg,40,S,Slim Fit Black Plain Three Piece Suit,Black,no,894
10,10.jpg,40,R,Slim Fit Black Plain Three Piece Suit,Black,no,895
10,10.jpg,40,L,Slim Fit Black Plain Three Piece Suit,Black,no,896
10,10.jpg,42,S,Slim Fit Black Plain Three Piece Suit,Black,no,897
10,10.jpg,42,R,Slim Fit Black Plain Three Piece Suit,Black,no,898
10,10.jpg,42,L,Slim Fit Black Plain Three Piece Suit,Black,no,899
10,10.jpg,44,S,Slim Fit Black Plain Three Piece Suit,Black,no,900
10,10.jpg,44,R,Slim Fit Black Plain Three Piece Suit,Black,no,901
10,10.jpg,44,L,Slim Fit Black Plain Three Piece Suit,Black,no,902
10,10.jpg,46,S,Slim Fit Black Plain Three Piece Suit,Black,no,903
10,10.jpg,46,R,Slim Fit Black Plain Three Piece Suit,Black,no,904
10,10.jpg,46,L,Slim Fit Black Plain Three Piece Suit,Black,no,905
10,10.jpg,48,S,Slim Fit Black Plain Three Piece Suit,Black,no,906
10,10.jpg,48,R,Slim Fit Black Plain Three Piece Suit,Black,no,907
10,10.jpg,48,L,Slim Fit Black Plain Three Piece Suit,Black,no,908
10,10.jpg,50,S,Slim Fit Black Plain Three Piece Suit,Black,no,909
10,10.jpg,50,R,Slim Fit Black Plain Three Piece Suit,Black,no,910
10,10.jpg,50,L,Slim Fit Black Plain Three Piece Suit,Black,no,911
12,12.jpg,36,S,Tailored Fit Navy Tweed Three Piece Suit,Navy,no,912
12,12.jpg,36,R,Tailored Fit Navy Tweed Three Piece Suit,Navy,no,913
12,12.jpg,36,L,Tailored Fit Navy Tweed Three Piece Suit,Navy,no,914
12,12.jpg,38,S,Tailored Fit Navy Tweed Three Piece Suit,Navy,no,915
12,12.jpg,38,R,Tailored Fit Navy Tweed Three Piece Suit,Navy,no,916
12,12.jpg,38,L,Tailored Fit Navy Tweed Three Piece Suit,Navy,no,917
12,12.jpg,40,S,Tailored Fit Navy Tweed Three Piece Suit,Navy,no,918
12,12.jpg,40,R,Tailored Fit Navy Tweed Three Piece Suit,Navy,no,919
12,12.jpg,40,L,Tailored Fit Navy Tweed Three Piece Suit,Navy,no,920
12,12.jpg,42,S,Tailored Fit Navy Tweed Three Piece Suit,Navy,no,921
12,12.jpg,42,R,Tailored Fit Navy Tweed Three Piece Suit,Navy,no,922
12,12.jpg,42,L,Tailored Fit Navy Tweed Three Piece Suit,Navy,no,923
12,12.jpg,44,S,Tailored Fit Navy Tweed Three Piece Suit,Navy,no,924
12,12.jpg,44,R,Tailored Fit Navy Tweed Three Piece Suit,Navy,no,925
12,12.jpg,44,L,Tailored Fit Navy Tweed Three Piece Suit,Navy,no,926
12,12.jpg,46,S,Tailored Fit Navy Tweed Three Piece Suit,Navy,no,927
12,12.jpg,46,R,Tailored Fit Navy Tweed Three Piece Suit,Navy,no,928
12,12.jpg,46,L,Tailored Fit Navy Tweed Three Piece Suit,Navy,no,929
12,12.jpg,48,S,Tailored Fit Navy Tweed Three Piece Suit,Navy,no,930
12,12.jpg,48,R,Tailored Fit Navy Tweed Three Piece Suit,Navy,no,931
12,12.jpg,48,L,Tailored Fit Navy Tweed Three Piece Suit,Navy,no,932
12,12.jpg,50,S,Tailored Fit Navy Tweed Three Piece Suit,Navy,no,933
12,12.jpg,50,L,Tailored Fit Navy Tweed Three Piece Suit,Navy,no,934
12,12.jpg,52,S,Tailored Fit Navy Tweed Three Piece Suit,Navy,no,935
12,12.jpg,52,R,Tailored Fit Navy Tweed Three Piece Suit,Navy,no,936
12,12.jpg,52,L,Tailored Fit Navy Tweed Three Piece Suit,Navy,no,937
12,12.jpg,54,S,Tailored Fit Navy Tweed Three Piece Suit,Navy,no,938
12,12.jpg,54,R,Tailored Fit Navy Tweed Three Piece Suit,Navy,no,939
12,12.jpg,54,L,Tailored Fit Navy Tweed Three Piece Suit,Navy,no,940
12,12.jpg,56,S,Tailored Fit Navy Tweed Three Piece Suit,Navy,no,941
12,12.jpg,56,R,Tailored Fit Navy Tweed Three Piece Suit,Navy,no,942
14,14.jpg,36,S,Tailored Fit Brown Tweed Three Piece Suit,Brown,no,943
14,14.jpg,36,R,Tailored Fit Brown Tweed Three Piece Suit,Brown,no,944
14,14.jpg,36,L,Tailored Fit Brown Tweed Three Piece Suit,Brown,no,945
14,14.jpg,38,S,Tailored Fit Brown Tweed Three Piece Suit,Brown,no,946
14,14.jpg,38,R,Tailored Fit Brown Tweed Three Piece Suit,Brown,no,947
14,14.jpg,38,L,Tailored Fit Brown Tweed Three Piece Suit,Brown,no,948
14,14.jpg,40,S,Tailored Fit Brown Tweed Three Piece Suit,Brown,no,949
14,14.jpg,40,R,Tailored Fit Brown Tweed Three Piece Suit,Brown,no,950
14,14.jpg,40,L,Tailored Fit Brown Tweed Three Piece Suit,Brown,no,951
14,14.jpg,42,S,Tailored Fit Brown Tweed Three Piece Suit,Brown,no,952
14,14.jpg,42,R,Tailored Fit Brown Tweed Three Piece Suit,Brown,no,953
14,14.jpg,42,L,Tailored Fit Brown Tweed Three Piece Suit,Brown,no,954
14,14.jpg,44,S,Tailored Fit Brown Tweed Three Piece Suit,Brown,no,955
14,14.jpg,44,R,Tailored Fit Brown Tweed Three Piece Suit,Brown,no,956
14,14.jpg,44,L,Tailored Fit Brown Tweed Three Piece Suit,Brown,no,957
14,14.jpg,46,S,Tailored Fit Brown Tweed Three Piece Suit,Brown,no,958
14,14.jpg,46,R,Tailored Fit Brown Tweed Three Piece Suit,Brown,no,959
14,14.jpg,46,L,Tailored Fit Brown Tweed Three Piece Suit,Brown,no,960
14,14.jpg,48,S,Tailored Fit Brown Tweed Three Piece Suit,Brown,no,961
14,14.jpg,48,R,Tailored Fit Brown Tweed Three Piece Suit,Brown,no,962
14,14.jpg,48,L,Tailored Fit Brown Tweed Three Piece Suit,Brown,no,963
14,14.jpg,50,S,Tailored Fit Brown Tweed Three Piece Suit,Brown,no,964
14,14.jpg,50,R,Tailored Fit Brown Tweed Three Piece Suit,Brown,no,965
14,14.jpg,50,L,Tailored Fit Brown Tweed Three Piece Suit,Brown,no,966
14,14.jpg,52,S,Tailored Fit Brown Tweed Three Piece Suit,Brown,no,967
14,14.jpg,52,R,Tailored Fit Brown Tweed Three Piece Suit,Brown,no,968
14,14.jpg,52,L,Tailored Fit Brown Tweed Three Piece Suit,Brown,no,969
16,16.jpg,34,S,Tailored Fit Burgundy Flannel Double Breasted Two Piece Suit,Burgundy,no,970
16,16.jpg,34,R,Tailored Fit Burgundy Flannel Double Breasted Two Piece Suit,Burgundy,no,971
16,16.jpg,34,L,Tailored Fit Burgundy Flannel Double Breasted Two Piece Suit,Burgundy,no,972
16,16.jpg,36,S,Tailored Fit Burgundy Flannel Double Breasted Two Piece Suit,Burgundy,no,973
16,16.jpg,36,R,Tailored Fit Burgundy Flannel Double Breasted Two Piece Suit,Burgundy,no,974
16,16.jpg,36,L,Tailored Fit Burgundy Flannel Double Breasted Two Piece Suit,Burgundy,no,975
16,16.jpg,38,S,Tailored Fit Burgundy Flannel Double Breasted Two Piece Suit,Burgundy,no,976
16,16.jpg,38,R,Tailored Fit Burgundy Flannel Double Breasted Two Piece Suit,Burgundy,no,977
16,16.jpg,38,L,Tailored Fit Burgundy Flannel Double Breasted Two Piece Suit,Burgundy,no,978
16,16.jpg,40,S,Tailored Fit Burgundy Flannel Double Breasted Two Piece Suit,Burgundy,no,979
16,16.jpg,40,R,Tailored Fit Burgundy Flannel Double Breasted Two Piece Suit,Burgundy,no,980
16,16.jpg,40,L,Tailored Fit Burgundy Flannel Double Breasted Two Piece Suit,Burgundy,no,981
16,16.jpg,42,S,Tailored Fit Burgundy Flannel Double Breasted Two Piece Suit,Burgundy,no,982
16,16.jpg,42,R,Tailored Fit Burgundy Flannel Double Breasted Two Piece Suit,Burgundy,no,983
16,16.jpg,42,L,Tailored Fit Burgundy Flannel Double Breasted Two Piece Suit,Burgundy,no,984
16,16.jpg,44,S,Tailored Fit Burgundy Flannel Double Breasted Two Piece Suit,Burgundy,no,985
16,16.jpg,44,R,Tailored Fit Burgundy Flannel Double Breasted Two Piece Suit,Burgundy,no,986
16,16.jpg,44,L,Tailored Fit Burgundy Flannel Double Breasted Two Piece Suit,Burgundy,no,987
16,16.jpg,46,S,Tailored Fit Burgundy Flannel Double Breasted Two Piece Suit,Burgundy,no,988
16,16.jpg,46,R,Tailored Fit Burgundy Flannel Double Breasted Two Piece Suit,Burgundy,no,989
16,16.jpg,46,L,Tailored Fit Burgundy Flannel Double Breasted Two Piece Suit,Burgundy,no,990
18,18.jpg,34,S,Tailored Fit Tan Textured Double Breasted Two Piece Suit,Tan,no,991
18,18.jpg,34,R,Tailored Fit Tan Textured Double Breasted Two Piece Suit,Tan,no,992
18,18.jpg,34,L,Tailored Fit Tan Textured Double Breasted Two Piece Suit,Tan,no,993
18,18.jpg,36,S,Tailored Fit Tan Textured Double Breasted Two Piece Suit,Tan,no,994
18,18.jpg,36,R,Tailored Fit Tan Textured Double Breasted Two Piece Suit,Tan,no,995
18,18.jpg,36,L,Tailored Fit Tan Textured Double Breasted Two Piece Suit,Tan,no,996
18,18.jpg,38,S,Tailored Fit Tan Textured Double Breasted Two Piece Suit,Tan,no,997
18,18.jpg,38,R,Tailored Fit Tan Textured Double Breasted Two Piece Suit,Tan,no,998
18,18.jpg,38,L,Tailored Fit Tan Textured Double Breasted Two Piece Suit,Tan,no,999
18,18.jpg,40,S,Tailored Fit Tan Textured Double Breasted Two Piece Suit,Tan,no,1000
18,18.jpg,40,R,Tailored Fit Tan Textured Double Breasted Two Piece Suit,Tan,no,1001
18,18.jpg,40,L,Tailored Fit Tan Textured Double Breasted Two Piece Suit,Tan,no,1002
18,18.jpg,42,S,Tailored Fit Tan Textured Double Breasted Two Piece Suit,Tan,no,1003
18,18.jpg,42,R,Tailored Fit Tan Textured Double Breasted Two Piece Suit,Tan,no,1004
18,18.jpg,42,L,Tailored Fit Tan Textured Double Breasted Two Piece Suit,Tan,no,1005
18,18.jpg,44,S,Tailored Fit Tan Textured Double Breasted Two Piece Suit,Tan,no,1006
18,18.jpg,44,R,Tailored Fit Tan Textured Double Breasted Two Piece Suit,Tan,no,1007
18,18.jpg,44,L,Tailored Fit Tan Textured Double Breasted Two Piece Suit,Tan,no,1008
18,18.jpg,46,S,Tailored Fit Tan Textured Double Breasted Two Piece Suit,Tan,no,1009
18,18.jpg,46,R,Tailored Fit Tan Textured Double Breasted Two Piece Suit,Tan,no,1010
18,18.jpg,46,L,Tailored Fit Tan Textured Double Breasted Two Piece Suit,Tan,no,1011
20,20.jpg,36,S,Tailored Fit Black Plain Three Piece Suit,Black,no,1012
20,20.jpg,36,R,Tailored Fit Black Plain Three Piece Suit,Black,no,1013
20,20.jpg,36,L,Tailored Fit Black Plain Three Piece Suit,Black,no,1014
20,20.jpg,38,S,Tailored Fit Black Plain Three Piece Suit,Black,no,1015
20,20.jpg,38,R,Tailored Fit Black Plain Three Piece Suit,Black,no,1016
20,20.jpg,38,L,Tailored Fit Black Plain Three Piece Suit,Black,no,1017
20,20.jpg,40,S,Tailored Fit Black Plain Three Piece Suit,Black,no,1018
20,20.jpg,40,R,Tailored Fit Black Plain Three Piece Suit,Black,no,1019
20,20.jpg,40,L,Tailored Fit Black Plain Three Piece Suit,Black,no,1020
20,20.jpg,42,S,Tailored Fit Black Plain Three Piece Suit,Black,no,1021
20,20.jpg,42,R,Tailored Fit Black Plain Three Piece Suit,Black,no,1022
20,20.jpg,42,L,Tailored Fit Black Plain Three Piece Suit,Black,no,1023
20,20.jpg,44,S,Tailored Fit Black Plain Three Piece Suit,Black,no,1024
20,20.jpg,44,R,Tailored Fit Black Plain Three Piece Suit,Black,no,1025
20,20.jpg,44,L,Tailored Fit Black Plain Three Piece Suit,Black,no,1026
20,20.jpg,48,S,Tailored Fit Black Plain Three Piece Suit,Black,no,1027
20,20.jpg,48,R,Tailored Fit Black Plain Three Piece Suit,Black,no,1028
20,20.jpg,48,L,Tailored Fit Black Plain Three Piece Suit,Black,no,1029
20,20.jpg,52,S,Tailored Fit Black Plain Three Piece Suit,Black,no,1030
20,20.jpg,52,R,Tailored Fit Black Plain Three Piece Suit,Black,no,1031
20,20.jpg,52,L,Tailored Fit Black Plain Three Piece Suit,Black,no,1032
20,20.jpg,54,S,Tailored Fit Black Plain Three Piece Suit,Black,no,1033
20,20.jpg,54,R,Tailored Fit Black Plain Three Piece Suit,Black,no,1034
20,20.jpg,54,L,Tailored Fit Black Plain Three Piece Suit,Black,no,1035
20,20.jpg,56,S,Tailored Fit Black Plain Three Piece Suit,Black,no,1036
20,20.jpg,56,R,Tailored Fit Black Plain Three Piece Suit,Black,no,1037
20,20.jpg,56,L,Tailored Fit Black Plain Three Piece Suit,Black,no,1038
20,20.jpg,58,S,Tailored Fit Black Plain Three Piece Suit,Black,no,1039
20,20.jpg,58,R,Tailored Fit Black Plain Three Piece Suit,Black,no,1040
20,20.jpg,58,L,Tailored Fit Black Plain Three Piece Suit,Black,no,1041
20,20.jpg,60,S,Tailored Fit Black Plain Three Piece Suit,Black,no,1042
20,20.jpg,60,R,Tailored Fit Black Plain Three Piece Suit,Black,no,1043
20,20.jpg,60,L,Tailored Fit Black Plain Three Piece Suit,Black,no,1044
22,22.jpg,34,S,Slim Fit Grey Plain Three Piece Suit,Beige,no,1045
22,22.jpg,34,R,Slim Fit Grey Plain Three Piece Suit,Beige,no,1046
22,22.jpg,34,L,Slim Fit Grey Plain Three Piece Suit,Beige,no,1047
22,22.jpg,36,S,Slim Fit Grey Plain Three Piece Suit,Beige,no,1048
22,22.jpg,36,R,Slim Fit Grey Plain Three Piece Suit,Beige,no,1049
22,22.jpg,36,L,Slim Fit Grey Plain Three Piece Suit,Beige,no,1050
22,22.jpg,38,S,Slim Fit Grey Plain Three Piece Suit,Beige,no,1051
22,22.jpg,38,R,Slim Fit Grey Plain Three Piece Suit,Beige,no,1052
22,22.jpg,38,L,Slim Fit Grey Plain Three Piece Suit,Beige,no,1053
22,22.jpg,40,S,Slim Fit Grey Plain Three Piece Suit,Beige,no,1054
22,22.jpg,40,R,Slim Fit Grey Plain Three Piece Suit,Beige,no,1055
22,22.jpg,40,L,Slim Fit Grey Plain Three Piece Suit,Beige,no,1056
22,22.jpg,42,S,Slim Fit Grey Plain Three Piece Suit,Beige,no,1057
22,22.jpg,42,R,Slim Fit Grey Plain Three Piece Suit,Beige,no,1058
22,22.jpg,42,L,Slim Fit Grey Plain Three Piece Suit,Beige,no,1059
22,22.jpg,44,S,Slim Fit Grey Plain Three Piece Suit,Beige,no,1060
22,22.jpg,44,R,Slim Fit Grey Plain Three Piece Suit,Beige,no,1061
22,22.jpg,44,L,Slim Fit Grey Plain Three Piece Suit,Beige,no,1062
22,22.jpg,46,S,Slim Fit Grey Plain Three Piece Suit,Beige,no,1063
22,22.jpg,46,R,Slim Fit Grey Plain Three Piece Suit,Beige,no,1064
22,22.jpg,46,L,Slim Fit Grey Plain Three Piece Suit,Beige,no,1065
22,22.jpg,48,S,Slim Fit Grey Plain Three Piece Suit,Beige,no,1066
22,22.jpg,48,R,Slim Fit Grey Plain Three Piece Suit,Beige,no,1067
22,22.jpg,48,L,Slim Fit Grey Plain Three Piece Suit,Beige,no,1068
22,22.jpg,50,S,Slim Fit Grey Plain Three Piece Suit,Beige,no,1069
22,22.jpg,50,R,Slim Fit Grey Plain Three Piece Suit,Beige,no,1070
22,22.jpg,50,L,Slim Fit Grey Plain Three Piece Suit,Beige,no,1071
22,22.jpg,52,S,Slim Fit Grey Plain Three Piece Suit,Beige,no,1072
22,22.jpg,52,R,Slim Fit Grey Plain Three Piece Suit,Beige,no,1073
22,22.jpg,52,L,Slim Fit Grey Plain Three Piece Suit,Beige,no,1074
24,24.jpg,34,S,Slim Fit Charcoal Flannel Three Piece Suit,Charcoal,no,1075
24,24.jpg,34,R,Slim Fit Charcoal Flannel Three Piece Suit,Charcoal,no,1076
24,24.jpg,34,L,Slim Fit Charcoal Flannel Three Piece Suit,Charcoal,no,1077
24,24.jpg,36,S,Slim Fit Charcoal Flannel Three Piece Suit,Charcoal,no,1078
24,24.jpg,36,R,Slim Fit Charcoal Flannel Three Piece Suit,Charcoal,no,1079
24,24.jpg,36,L,Slim Fit Charcoal Flannel Three Piece Suit,Charcoal,no,1080
24,24.jpg,38,S,Slim Fit Charcoal Flannel Three Piece Suit,Charcoal,no,1081
24,24.jpg,38,R,Slim Fit Charcoal Flannel Three Piece Suit,Charcoal,no,1082
24,24.jpg,38,L,Slim Fit Charcoal Flannel Three Piece Suit,Charcoal,no,1083
24,24.jpg,40,S,Slim Fit Charcoal Flannel Three Piece Suit,Charcoal,no,1084
24,24.jpg,40,R,Slim Fit Charcoal Flannel Three Piece Suit,Charcoal,no,1085
24,24.jpg,40,L,Slim Fit Charcoal Flannel Three Piece Suit,Charcoal,no,1086
24,24.jpg,42,S,Slim Fit Charcoal Flannel Three Piece Suit,Charcoal,no,1087
24,24.jpg,42,R,Slim Fit Charcoal Flannel Three Piece Suit,Charcoal,no,1088
24,24.jpg,42,L,Slim Fit Charcoal Flannel Three Piece Suit,Charcoal,no,1089
24,24.jpg,44,S,Slim Fit Charcoal Flannel Three Piece Suit,Charcoal,no,1090
24,24.jpg,44,R,Slim Fit Charcoal Flannel Three Piece Suit,Charcoal,no,1091
24,24.jpg,44,L,Slim Fit Charcoal Flannel Three Piece Suit,Charcoal,no,1092
24,24.jpg,46,S,Slim Fit Charcoal Flannel Three Piece Suit,Charcoal,no,1093
24,24.jpg,46,R,Slim Fit Charcoal Flannel Three Piece Suit,Charcoal,no,1094
24,24.jpg,46,L,Slim Fit Charcoal Flannel Three Piece Suit,Charcoal,no,1095
24,24.jpg,48,S,Slim Fit Charcoal Flannel Three Piece Suit,Charcoal,no,1096
24,24.jpg,48,R,Slim Fit Charcoal Flannel Three Piece Suit,Charcoal,no,1097
24,24.jpg,48,L,Slim Fit Charcoal Flannel Three Piece Suit,Charcoal,no,1098
24,24.jpg,50,S,Slim Fit Charcoal Flannel Three Piece Suit,Charcoal,no,1099
24,24.jpg,50,R,Slim Fit Charcoal Flannel Three Piece Suit,Charcoal,no,1100
24,24.jpg,50,L,Slim Fit Charcoal Flannel Three Piece Suit,Charcoal,no,1101
26,26.jpg,40,S,Slim Fit Navy Textured Three Piece Suit,Navy,no,1102
26,26.jpg,40,R,Slim Fit Navy Textured Three Piece Suit,Navy,no,1103
26,26.jpg,40,L,Slim Fit Navy Textured Three Piece Suit,Navy,no,1104
26,26.jpg,42,S,Slim Fit Navy Textured Three Piece Suit,Navy,no,1105
26,26.jpg,42,R,Slim Fit Navy Textured Three Piece Suit,Navy,no,1106
26,26.jpg,42,L,Slim Fit Navy Textured Three Piece Suit,Navy,no,1107
26,26.jpg,44,S,Slim Fit Navy Textured Three Piece Suit,Navy,no,1108
26,26.jpg,44,R,Slim Fit Navy Textured Three Piece Suit,Navy,no,1109
26,26.jpg,44,L,Slim Fit Navy Textured Three Piece Suit,Navy,no,1110
26,26.jpg,46,S,Slim Fit Navy Textured Three Piece Suit,Navy,no,1111
26,26.jpg,46,R,Slim Fit Navy Textured Three Piece Suit,Navy,no,1112
26,26.jpg,46,L,Slim Fit Navy Textured Three Piece Suit,Navy,no,1113
26,26.jpg,48,S,Slim Fit Navy Textured Three Piece Suit,Navy,no,1114
26,26.jpg,48,R,Slim Fit Navy Textured Three Piece Suit,Navy,no,1115
26,26.jpg,48,L,Slim Fit Navy Textured Three Piece Suit,Navy,no,1116
26,26.jpg,50,S,Slim Fit Navy Textured Three Piece Suit,Navy,no,1117
26,26.jpg,50,R,Slim Fit Navy Textured Three Piece Suit,Navy,no,1118
26,26.jpg,50,L,Slim Fit Navy Textured Three Piece Suit,Navy,no,1119
26,26.jpg,52,S,Slim Fit Navy Textured Three Piece Suit,Navy,no,1120
26,26.jpg,52,R,Slim Fit Navy Textured Three Piece Suit,Navy,no,1121
26,26.jpg,52,L,Slim Fit Navy Textured Three Piece Suit,Navy,no,1122
28,28.jpg,36,S,Tailored Fit Green Plain Three Piece Suit,Green,no,1123
28,28.jpg,36,R,Tailored Fit Green Plain Three Piece Suit,Green,no,1124
28,28.jpg,36,L,Tailored Fit Green Plain Three Piece Suit,Green,no,1125
28,28.jpg,38,S,Tailored Fit Green Plain Three Piece Suit,Green,no,1126
28,28.jpg,38,R,Tailored Fit Green Plain Three Piece Suit,Green,no,1127
28,28.jpg,38,L,Tailored Fit Green Plain Three Piece Suit,Green,no,1128
28,28.jpg,40,S,Tailored Fit Green Plain Three Piece Suit,Green,no,1129
28,28.jpg,40,R,Tailored Fit Green Plain Three Piece Suit,Green,no,1130
28,28.jpg,40,L,Tailored Fit Green Plain Three Piece Suit,Green,no,1131
28,28.jpg,42,S,Tailored Fit Green Plain Three Piece Suit,Green,no,1132
28,28.jpg,42,R,Tailored Fit Green Plain Three Piece Suit,Green,no,1133
28,28.jpg,42,L,Tailored Fit Green Plain Three Piece Suit,Green,no,1134
28,28.jpg,44,S,Tailored Fit Green Plain Three Piece Suit,Green,no,1135
28,28.jpg,44,R,Tailored Fit Green Plain Three Piece Suit,Green,no,1136
28,28.jpg,44,L,Tailored Fit Green Plain Three Piece Suit,Green,no,1137
28,28.jpg,46,S,Tailored Fit Green Plain Three Piece Suit,Green,no,1138
28,28.jpg,46,R,Tailored Fit Green Plain Three Piece Suit,Green,no,1139
28,28.jpg,46,L,Tailored Fit Green Plain Three Piece Suit,Green,no,1140
28,28.jpg,48,S,Tailored Fit Green Plain Three Piece Suit,Green,no,1141
28,28.jpg,48,R,Tailored Fit Green Plain Three Piece Suit,Green,no,1142
28,28.jpg,48,L,Tailored Fit Green Plain Three Piece Suit,Green,no,1143
28,28.jpg,50,S,Tailored Fit Green Plain Three Piece Suit,Green,no,1144
28,28.jpg,50,R,Tailored Fit Green Plain Three Piece Suit,Green,no,1145
28,28.jpg,50,L,Tailored Fit Green Plain Three Piece Suit,Green,no,1146
30,30.jpg,36,S,Slim Fit Black Plain Double Breasted Two Piece Suit,Black,no,1147
30,30.jpg,36,R,Slim Fit Black Plain Double Breasted Two Piece Suit,Black,no,1148
30,30.jpg,36,L,Slim Fit Black Plain Double Breasted Two Piece Suit,Black,no,1149
30,30.jpg,38,S,Slim Fit Black Plain Double Breasted Two Piece Suit,Black,no,1150
30,30.jpg,38,R,Slim Fit Black Plain Double Breasted Two Piece Suit,Black,no,1151
30,30.jpg,38,L,Slim Fit Black Plain Double Breasted Two Piece Suit,Black,no,1152
30,30.jpg,40,S,Slim Fit Black Plain Double Breasted Two Piece Suit,Black,no,1153
30,30.jpg,40,R,Slim Fit Black Plain Double Breasted Two Piece Suit,Black,no,1154
30,30.jpg,40,L,Slim Fit Black Plain Double Breasted Two Piece Suit,Black,no,1155
30,30.jpg,42,S,Slim Fit Black Plain Double Breasted Two Piece Suit,Black,no,1156
30,30.jpg,42,R,Slim Fit Black Plain Double Breasted Two Piece Suit,Black,no,1157
30,30.jpg,42,L,Slim Fit Black Plain Double Breasted Two Piece Suit,Black,no,1158
30,30.jpg,44,S,Slim Fit Black Plain Double Breasted Two Piece Suit,Black,no,1159
30,30.jpg,44,R,Slim Fit Black Plain Double Breasted Two Piece Suit,Black,no,1160
30,30.jpg,44,L,Slim Fit Black Plain Double Breasted Two Piece Suit,Black,no,1161
30,30.jpg,46,S,Slim Fit Black Plain Double Breasted Two Piece Suit,Black,no,1162
30,30.jpg,46,R,Slim Fit Black Plain Double Breasted Two Piece Suit,Black,no,1163
30,30.jpg,46,L,Slim Fit Black Plain Double Breasted Two Piece Suit,Black,no,1164
30,30.jpg,48,S,Slim Fit Black Plain Double Breasted Two Piece Suit,Black,no,1165
30,30.jpg,48,R,Slim Fit Black Plain Double Breasted Two Piece Suit,Black,no,1166
30,30.jpg,48,L,Slim Fit Black Plain Double Breasted Two Piece Suit,Black,no,1167
30,30.jpg,50,S,Slim Fit Black Plain Double Breasted Two Piece Suit,Black,no,1168
30,30.jpg,50,R,Slim Fit Black Plain Double Breasted Two Piece Suit,Black,no,1169
30,30.jpg,50,L,Slim Fit Black Plain Double Breasted Two Piece Suit,Black,no,1170
32, 32.jpg,34, S, Relaxed Fit Black Plain Double Breasted Two Piece Suit, Black,no,1171
32, 32.jpg,36, S, Relaxed Fit Black Plain Double Breasted Two Piece Suit, Black,no,1172
32, 32.jpg,38, S, Relaxed Fit Black Plain Double Breasted Two Piece Suit, Black,no,1173
32, 32.jpg,40, S, Relaxed Fit Black Plain Double Breasted Two Piece Suit, Black,no,1174
32, 32.jpg,42, S, Relaxed Fit Black Plain Double Breasted Two Piece Suit, Black,no,1175
32, 32.jpg,44, S, Relaxed Fit Black Plain Double Breasted Two Piece Suit, Black,no,1176
32, 32.jpg,46, S, Relaxed Fit Black Plain Double Breasted Two Piece Suit, Black,no,1177
32, 32.jpg,48, S, Relaxed Fit Black Plain Double Breasted Two Piece Suit, Black,no,1178
32, 32.jpg,50, S, Relaxed Fit Black Plain Double Breasted Two Piece Suit, Black,no,1179
32, 32.jpg,52, S, Relaxed Fit Black Plain Double Breasted Two Piece Suit, Black,no,1180
32, 32.jpg,34, R, Relaxed Fit Black Plain Double Breasted Two Piece Suit, Black,no,1181
32, 32.jpg,36, R, Relaxed Fit Black Plain Double Breasted Two Piece Suit, Black,no,1182
32, 32.jpg,38, R, Relaxed Fit Black Plain Double Breasted Two Piece Suit, Black,no,1183
32, 32.jpg,40, R, Relaxed Fit Black Plain Double Breasted Two Piece Suit, Black,no,1184
32, 32.jpg,42, R, Relaxed Fit Black Plain Double Breasted Two Piece Suit, Black,no,1185
32, 32.jpg,44, R, Relaxed Fit Black Plain Double Breasted Two Piece Suit, Black,no,1186
32, 32.jpg,46, R, Relaxed Fit Black Plain Double Breasted Two Piece Suit, Black,no,1187
32, 32.jpg,48, R, Relaxed Fit Black Plain Double Breasted Two Piece Suit, Black,no,1188
32, 32.jpg,50, R, Relaxed Fit Black Plain Double Breasted Two Piece Suit, Black,no,1189
32, 32.jpg,52, R, Relaxed Fit Black Plain Double Breasted Two Piece Suit, Black,no,1190
32, 32.jpg,34, L, Relaxed Fit Black Plain Double Breasted Two Piece Suit, Black,no,1191
32, 32.jpg,36, L, Relaxed Fit Black Plain Double Breasted Two Piece Suit, Black,no,1192
32, 32.jpg,38, L, Relaxed Fit Black Plain Double Breasted Two Piece Suit, Black,no,1193
32, 32.jpg,40, L, Relaxed Fit Black Plain Double Breasted Two Piece Suit, Black,no,1194
32, 32.jpg,42, L, Relaxed Fit Black Plain Double Breasted Two Piece Suit, Black,no,1195
32, 32.jpg,44, L, Relaxed Fit Black Plain Double Breasted Two Piece Suit, Black,no,1196
32, 32.jpg,46, L, Relaxed Fit Black Plain Double Breasted Two Piece Suit, Black,no,1197
32, 32.jpg,48, L, Relaxed Fit Black Plain Double Breasted Two Piece Suit, Black,no,1198
32, 32.jpg,50, L, Relaxed Fit Black Plain Double Breasted Two Piece Suit, Black,no,1199
32, 32.jpg,52, L, Relaxed Fit Black Plain Double Breasted Two Piece Suit, Black,no,1200
34, 34.jpg,34, S, Slim Fit Navy Plain Three Piece Suit, Navy,no,1201
34, 34.jpg,36, S, Slim Fit Navy Plain Three Piece Suit, Navy,no,1202
34, 34.jpg,38, S, Slim Fit Navy Plain Three Piece Suit, Navy,no,1203
34, 34.jpg,40, S, Slim Fit Navy Plain Three Piece Suit, Navy,no,1204
34, 34.jpg,42, S, Slim Fit Navy Plain Three Piece Suit, Navy,no,1205
34, 34.jpg,44, S, Slim Fit Navy Plain Three Piece Suit, Navy,no,1206
34, 34.jpg,46, S, Slim Fit Navy Plain Three Piece Suit, Navy,no,1207
34, 34.jpg,48, S, Slim Fit Navy Plain Three Piece Suit, Navy,no,1208
34, 34.jpg,50, S, Slim Fit Navy Plain Three Piece Suit, Navy,no,1209
34, 34.jpg,52, S, Slim Fit Navy Plain Three Piece Suit, Navy,no,1210
34, 34.jpg,34, R, Slim Fit Navy Plain Three Piece Suit, Navy,no,1211
34, 34.jpg,36, R, Slim Fit Navy Plain Three Piece Suit, Navy,no,1212
34, 34.jpg,38, R, Slim Fit Navy Plain Three Piece Suit, Navy,no,1213
34, 34.jpg,40, R, Slim Fit Navy Plain Three Piece Suit, Navy,no,1214
34, 34.jpg,42, R, Slim Fit Navy Plain Three Piece Suit, Navy,no,1215
34, 34.jpg,44, R, Slim Fit Navy Plain Three Piece Suit, Navy,no,1216
34, 34.jpg,46, R, Slim Fit Navy Plain Three Piece Suit, Navy,no,1217
34, 34.jpg,48, R, Slim Fit Navy Plain Three Piece Suit, Navy,no,1218
34, 34.jpg,50, R, Slim Fit Navy Plain Three Piece Suit, Navy,no,1219
34, 34.jpg,52, R, Slim Fit Navy Plain Three Piece Suit, Navy,no,1220
34, 34.jpg,34, L, Slim Fit Navy Plain Three Piece Suit, Navy,no,1221
34, 34.jpg,36, L, Slim Fit Navy Plain Three Piece Suit, Navy,no,1222
34, 34.jpg,38, L, Slim Fit Navy Plain Three Piece Suit, Navy,no,1223
34, 34.jpg,40, L, Slim Fit Navy Plain Three Piece Suit, Navy,no,1224
34, 34.jpg,42, L, Slim Fit Navy Plain Three Piece Suit, Navy,no,1225
34, 34.jpg,44, L, Slim Fit Navy Plain Three Piece Suit, Navy,no,1226
34, 34.jpg,46, L, Slim Fit Navy Plain Three Piece Suit, Navy,no,1227
34, 34.jpg,48, L, Slim Fit Navy Plain Three Piece Suit, Navy,no,1228
34, 34.jpg,50, L, Slim Fit Navy Plain Three Piece Suit, Navy,no,1229
34, 34.jpg,52, L, Slim Fit Navy Plain Three Piece Suit, Navy,no,1230
36, 36.jpg,34, S, Slim Fit Light Grey Plain Flannel Double Breasted Two Piece Suit, Beige,no,1231
36, 36.jpg,36, S, Slim Fit Light Grey Plain Flannel Double Breasted Two Piece Suit, Beige,no,1232
36, 36.jpg,38, S, Slim Fit Light Grey Plain Flannel Double Breasted Two Piece Suit, Beige,no,1233
36, 36.jpg,40, S, Slim Fit Light Grey Plain Flannel Double Breasted Two Piece Suit, Beige,no,1234
36, 36.jpg,44, S, Slim Fit Light Grey Plain Flannel Double Breasted Two Piece Suit, Beige,no,1235
36, 36.jpg,46, S, Slim Fit Light Grey Plain Flannel Double Breasted Two Piece Suit, Beige,no,1236
36, 36.jpg,34, R, Slim Fit Light Grey Plain Flannel Double Breasted Two Piece Suit, Beige,no,1237
36, 36.jpg,36, R, Slim Fit Light Grey Plain Flannel Double Breasted Two Piece Suit, Beige,no,1238
36, 36.jpg,38, R, Slim Fit Light Grey Plain Flannel Double Breasted Two Piece Suit, Beige,no,1239
36, 36.jpg,40, R, Slim Fit Light Grey Plain Flannel Double Breasted Two Piece Suit, Beige,no,1240
36, 36.jpg,44, R, Slim Fit Light Grey Plain Flannel Double Breasted Two Piece Suit, Beige,no,1241
36, 36.jpg,46, R, Slim Fit Light Grey Plain Flannel Double Breasted Two Piece Suit, Beige,no,1242
36, 36.jpg,34, L, Slim Fit Light Grey Plain Flannel Double Breasted Two Piece Suit, Beige,no,1243
36, 36.jpg,36, L, Slim Fit Light Grey Plain Flannel Double Breasted Two Piece Suit, Beige,no,1244
36, 36.jpg,38, L, Slim Fit Light Grey Plain Flannel Double Breasted Two Piece Suit, Beige,no,1245
36, 36.jpg,40, L, Slim Fit Light Grey Plain Flannel Double Breasted Two Piece Suit, Beige,no,1246
36, 36.jpg,44, L, Slim Fit Light Grey Plain Flannel Double Breasted Two Piece Suit, Beige,no,1247
36, 36.jpg,46, L, Slim Fit Light Grey Plain Flannel Double Breasted Two Piece Suit, Beige,no,1248
38, 38.jpg,38, S, Slim Fit Black Three Piece Tuxedo, Black,no,1249
38, 38.jpg,40, S, Slim Fit Black Three Piece Tuxedo, Black,no,1250
38, 38.jpg,42, S, Slim Fit Black Three Piece Tuxedo, Black,no,1251
38, 38.jpg,44, S, Slim Fit Black Three Piece Tuxedo, Black,no,1252
38, 38.jpg,46, S, Slim Fit Black Three Piece Tuxedo, Black,no,1253
38, 38.jpg,48, S, Slim Fit Black Three Piece Tuxedo, Black,no,1254
38, 38.jpg,50, S, Slim Fit Black Three Piece Tuxedo, Black,no,1255
38, 38.jpg,52, S, Slim Fit Black Three Piece Tuxedo, Black,no,1256
38, 38.jpg,54, S, Slim Fit Black Three Piece Tuxedo, Black,no,1257
38, 38.jpg,56, S, Slim Fit Black Three Piece Tuxedo, Black,no,1258
38, 38.jpg,38, R, Slim Fit Black Three Piece Tuxedo, Black,no,1259
38, 38.jpg,40, R, Slim Fit Black Three Piece Tuxedo, Black,no,1260
38, 38.jpg,42, R, Slim Fit Black Three Piece Tuxedo, Black,no,1261
38, 38.jpg,44, R, Slim Fit Black Three Piece Tuxedo, Black,no,1262
38, 38.jpg,46, R, Slim Fit Black Three Piece Tuxedo, Black,no,1263
38, 38.jpg,48, R, Slim Fit Black Three Piece Tuxedo, Black,no,1264
38, 38.jpg,50, R, Slim Fit Black Three Piece Tuxedo, Black,no,1265
38, 38.jpg,52, R, Slim Fit Black Three Piece Tuxedo, Black,no,1266
38, 38.jpg,54, R, Slim Fit Black Three Piece Tuxedo, Black,no,1267
38, 38.jpg,56, R, Slim Fit Black Three Piece Tuxedo, Black,no,1268
38, 38.jpg,38, L, Slim Fit Black Three Piece Tuxedo, Black,no,1269
38, 38.jpg,40, L, Slim Fit Black Three Piece Tuxedo, Black,no,1270
38, 38.jpg,42, L, Slim Fit Black Three Piece Tuxedo, Black,no,1271
38, 38.jpg,44, L, Slim Fit Black Three Piece Tuxedo, Black,no,1272
38, 38.jpg,46, L, Slim Fit Black Three Piece Tuxedo, Black,no,1273
38, 38.jpg,48, L, Slim Fit Black Three Piece Tuxedo, Black,no,1274
38, 38.jpg,50, L, Slim Fit Black Three Piece Tuxedo, Black,no,1275
38, 38.jpg,52, L, Slim Fit Black Three Piece Tuxedo, Black,no,1276
38, 38.jpg,54, L, Slim Fit Black Three Piece Tuxedo, Black,no,1277
38, 38.jpg,56, L, Slim Fit Black Three Piece Tuxedo, Black,no,1278
40, 40.jpg,36, S, Tailored Fit Black Textured Three Piece Tuxedo, Black,no,1279
40, 40.jpg,38, S, Tailored Fit Black Textured Three Piece Tuxedo, Black,no,1280
40, 40.jpg,40, S, Tailored Fit Black Textured Three Piece Tuxedo, Black,no,1281
40, 40.jpg,42, S, Tailored Fit Black Textured Three Piece Tuxedo, Black,no,1282
40, 40.jpg,44, S, Tailored Fit Black Textured Three Piece Tuxedo, Black,no,1283
40, 40.jpg,46, S, Tailored Fit Black Textured Three Piece Tuxedo, Black,no,1284
40, 40.jpg,48, S, Tailored Fit Black Textured Three Piece Tuxedo, Black,no,1285
40, 40.jpg,50, S, Tailored Fit Black Textured Three Piece Tuxedo, Black,no,1286
40, 40.jpg,52, S, Tailored Fit Black Textured Three Piece Tuxedo, Black,no,1287
40, 40.jpg,36, R, Tailored Fit Black Textured Three Piece Tuxedo, Black,no,1288
40, 40.jpg,38, R, Tailored Fit Black Textured Three Piece Tuxedo, Black,no,1289
40, 40.jpg,40, R, Tailored Fit Black Textured Three Piece Tuxedo, Black,no,1290
40, 40.jpg,42, R, Tailored Fit Black Textured Three Piece Tuxedo, Black,no,1291
40, 40.jpg,44, R, Tailored Fit Black Textured Three Piece Tuxedo, Black,no,1292
40, 40.jpg,46, R, Tailored Fit Black Textured Three Piece Tuxedo, Black,no,1293
40, 40.jpg,48, R, Tailored Fit Black Textured Three Piece Tuxedo, Black,no,1294
40, 40.jpg,50, R, Tailored Fit Black Textured Three Piece Tuxedo, Black,no,1295
40, 40.jpg,52, R, Tailored Fit Black Textured Three Piece Tuxedo, Black,no,1296
40, 40.jpg,36, L, Tailored Fit Black Textured Three Piece Tuxedo, Black,no,1297
40, 40.jpg,38, L, Tailored Fit Black Textured Three Piece Tuxedo, Black,no,1298
40, 40.jpg,40, L, Tailored Fit Black Textured Three Piece Tuxedo, Black,no,1299
40, 40.jpg,42, L, Tailored Fit Black Textured Three Piece Tuxedo, Black,no,1300
40, 40.jpg,44, L, Tailored Fit Black Textured Three Piece Tuxedo, Black,no,1301
40, 40.jpg,46, L, Tailored Fit Black Textured Three Piece Tuxedo, Black,no,1302
40, 40.jpg,48, L, Tailored Fit Black Textured Three Piece Tuxedo, Black,no,1303
40, 40.jpg,50, L, Tailored Fit Black Textured Three Piece Tuxedo, Black,no,1304
40, 40.jpg,52, L, Tailored Fit Black Textured Three Piece Tuxedo, Black,no,1305
42, 42.jpg,36, S, Tailored Fit Charcoal Plain Two Piece Suit, Charcoal,no,1306
42, 42.jpg,38, S, Tailored Fit Charcoal Plain Two Piece Suit, Charcoal,no,1307
42, 42.jpg,40, S, Tailored Fit Charcoal Plain Two Piece Suit, Charcoal,no,1308
42, 42.jpg,42, S, Tailored Fit Charcoal Plain Two Piece Suit, Charcoal,no,1309
42, 42.jpg,44, S, Tailored Fit Charcoal Plain Two Piece Suit, Charcoal,no,1310
42, 42.jpg,46, S, Tailored Fit Charcoal Plain Two Piece Suit, Charcoal,no,1311
42, 42.jpg,48, S, Tailored Fit Charcoal Plain Two Piece Suit, Charcoal,no,1312
42, 42.jpg,50, S, Tailored Fit Charcoal Plain Two Piece Suit, Charcoal,no,1313
42, 42.jpg,52, S, Tailored Fit Charcoal Plain Two Piece Suit, Charcoal,no,1314
42, 42.jpg,54, S, Tailored Fit Charcoal Plain Two Piece Suit, Charcoal,no,1315
42, 42.jpg,36, R, Tailored Fit Charcoal Plain Two Piece Suit, Charcoal,no,1316
42, 42.jpg,38, R, Tailored Fit Charcoal Plain Two Piece Suit, Charcoal,no,1317
42, 42.jpg,40, R, Tailored Fit Charcoal Plain Two Piece Suit, Charcoal,no,1318
42, 42.jpg,42, R, Tailored Fit Charcoal Plain Two Piece Suit, Charcoal,no,1319
42, 42.jpg,44, R, Tailored Fit Charcoal Plain Two Piece Suit, Charcoal,no,1320
42, 42.jpg,46, R, Tailored Fit Charcoal Plain Two Piece Suit, Charcoal,no,1321
42, 42.jpg,48, R, Tailored Fit Charcoal Plain Two Piece Suit, Charcoal,no,1322
42, 42.jpg,50, R, Tailored Fit Charcoal Plain Two Piece Suit, Charcoal,no,1323
42, 42.jpg,52, R, Tailored Fit Charcoal Plain Two Piece Suit, Charcoal,no,1324
42, 42.jpg,54, R, Tailored Fit Charcoal Plain Two Piece Suit, Charcoal,no,1325
42, 42.jpg,36, L, Tailored Fit Charcoal Plain Two Piece Suit, Charcoal,no,1326
42, 42.jpg,38, L, Tailored Fit Charcoal Plain Two Piece Suit, Charcoal,no,1327
42, 42.jpg,40, L, Tailored Fit Charcoal Plain Two Piece Suit, Charcoal,no,1328
42, 42.jpg,42, L, Tailored Fit Charcoal Plain Two Piece Suit, Charcoal,no,1329
42, 42.jpg,44, L, Tailored Fit Charcoal Plain Two Piece Suit, Charcoal,no,1330
42, 42.jpg,46, L, Tailored Fit Charcoal Plain Two Piece Suit, Charcoal,no,1331
42, 42.jpg,48, L, Tailored Fit Charcoal Plain Two Piece Suit, Charcoal,no,1332
42, 42.jpg,50, L, Tailored Fit Charcoal Plain Two Piece Suit, Charcoal,no,1333
42, 42.jpg,52, L, Tailored Fit Charcoal Plain Two Piece Suit, Charcoal,no,1334
42, 42.jpg,54, L, Tailored Fit Charcoal Plain Two Piece Suit, Charcoal,no,1335
44, 44.jpg,36, S, Tailored Fit Black Textured Three Piece Tuxedo, Black,no,1336
44, 44.jpg,38, S, Tailored Fit Black Textured Three Piece Tuxedo, Black,no,1337
44, 44.jpg,40, S, Tailored Fit Black Textured Three Piece Tuxedo, Black,no,1338
44, 44.jpg,42, S, Tailored Fit Black Textured Three Piece Tuxedo, Black,no,1339
44, 44.jpg,44, S, Tailored Fit Black Textured Three Piece Tuxedo, Black,no,1340
44, 44.jpg,46, S, Tailored Fit Black Textured Three Piece Tuxedo, Black,no,1341
44, 44.jpg,48, S, Tailored Fit Black Textured Three Piece Tuxedo, Black,no,1342
44, 44.jpg,50, S, Tailored Fit Black Textured Three Piece Tuxedo, Black,no,1343
44, 44.jpg,52, S, Tailored Fit Black Textured Three Piece Tuxedo, Black,no,1344
44, 44.jpg,36, R, Tailored Fit Black Textured Three Piece Tuxedo, Black,no,1345
44, 44.jpg,38, R, Tailored Fit Black Textured Three Piece Tuxedo, Black,no,1346
44, 44.jpg,40, R, Tailored Fit Black Textured Three Piece Tuxedo, Black,no,1347
44, 44.jpg,42, R, Tailored Fit Black Textured Three Piece Tuxedo, Black,no,1348
44, 44.jpg,44, R, Tailored Fit Black Textured Three Piece Tuxedo, Black,no,1349
44, 44.jpg,46, R, Tailored Fit Black Textured Three Piece Tuxedo, Black,no,1350
44, 44.jpg,48, R, Tailored Fit Black Textured Three Piece Tuxedo, Black,no,1351
44, 44.jpg,50, R, Tailored Fit Black Textured Three Piece Tuxedo, Black,no,1352
44, 44.jpg,52, R, Tailored Fit Black Textured Three Piece Tuxedo, Black,no,1353
44, 44.jpg,36, L, Tailored Fit Black Textured Three Piece Tuxedo, Black,no,1354
44, 44.jpg,38, L, Tailored Fit Black Textured Three Piece Tuxedo, Black,no,1355
44, 44.jpg,40, L, Tailored Fit Black Textured Three Piece Tuxedo, Black,no,1356
44, 44.jpg,42, L, Tailored Fit Black Textured Three Piece Tuxedo, Black,no,1357
44, 44.jpg,44, L, Tailored Fit Black Textured Three Piece Tuxedo, Black,no,1358
44, 44.jpg,46, L, Tailored Fit Black Textured Three Piece Tuxedo, Black,no,1359
44, 44.jpg,48, L, Tailored Fit Black Textured Three Piece Tuxedo, Black,no,1360
44, 44.jpg,50, L, Tailored Fit Black Textured Three Piece Tuxedo, Black,no,1361
44, 44.jpg,52, L, Tailored Fit Black Textured Three Piece Tuxedo, Black,no,1362
46, 46.jpg,36, S, Tailored Fit Charcoal Plain Two Piece Suit, Charcoal,no,1363
46, 46.jpg,38, S, Tailored Fit Charcoal Plain Two Piece Suit, Charcoal,no,1364
46, 46.jpg,40, S, Tailored Fit Charcoal Plain Two Piece Suit, Charcoal,no,1365
46, 46.jpg,42, S, Tailored Fit Charcoal Plain Two Piece Suit, Charcoal,no,1366
46, 46.jpg,44, S, Tailored Fit Charcoal Plain Two Piece Suit, Charcoal,no,1367
46, 46.jpg,46, S, Tailored Fit Charcoal Plain Two Piece Suit, Charcoal,no,1368
46, 46.jpg,48, S, Tailored Fit Charcoal Plain Two Piece Suit, Charcoal,no,1369
46, 46.jpg,50, S, Tailored Fit Charcoal Plain Two Piece Suit, Charcoal,no,1370
46, 46.jpg,52, S, Tailored Fit Charcoal Plain Two Piece Suit, Charcoal,no,1371
46, 46.jpg,54, S, Tailored Fit Charcoal Plain Two Piece Suit, Charcoal,no,1372
46, 46.jpg,36, R, Tailored Fit Charcoal Plain Two Piece Suit, Charcoal,no,1373
46, 46.jpg,38, R, Tailored Fit Charcoal Plain Two Piece Suit, Charcoal,no,1374
46, 46.jpg,40, R, Tailored Fit Charcoal Plain Two Piece Suit, Charcoal,no,1375
46, 46.jpg,42, R, Tailored Fit Charcoal Plain Two Piece Suit, Charcoal,no,1376
46, 46.jpg,44, R, Tailored Fit Charcoal Plain Two Piece Suit, Charcoal,no,1377
46, 46.jpg,46, R, Tailored Fit Charcoal Plain Two Piece Suit, Charcoal,no,1378
46, 46.jpg,48, R, Tailored Fit Charcoal Plain Two Piece Suit, Charcoal,no,1379
46, 46.jpg,50, R, Tailored Fit Charcoal Plain Two Piece Suit, Charcoal,no,1380
46, 46.jpg,52, R, Tailored Fit Charcoal Plain Two Piece Suit, Charcoal,no,1381
46, 46.jpg,54, R, Tailored Fit Charcoal Plain Two Piece Suit, Charcoal,no,1382
46, 46.jpg,36, L, Tailored Fit Charcoal Plain Two Piece Suit, Charcoal,no,1383
46, 46.jpg,38, L, Tailored Fit Charcoal Plain Two Piece Suit, Charcoal,no,1384
46, 46.jpg,40, L, Tailored Fit Charcoal Plain Two Piece Suit, Charcoal,no,1385
46, 46.jpg,42, L, Tailored Fit Charcoal Plain Two Piece Suit, Charcoal,no,1386
46, 46.jpg,44, L, Tailored Fit Charcoal Plain Two Piece Suit, Charcoal,no,1387
46, 46.jpg,46, L, Tailored Fit Charcoal Plain Two Piece Suit, Charcoal,no,1388
46, 46.jpg,48, L, Tailored Fit Charcoal Plain Two Piece Suit, Charcoal,no,1389
46, 46.jpg,50, L, Tailored Fit Charcoal Plain Two Piece Suit, Charcoal,no,1390
46, 46.jpg,52, L, Tailored Fit Charcoal Plain Two Piece Suit, Charcoal,no,1391
46, 46.jpg,54, L, Tailored Fit Charcoal Plain Two Piece Suit, Charcoal,no,1392
48, 48.jpg,36, S, Regular Fit Black Two Piece Tuxedo, Black,no,1393
48, 48.jpg,38, S, Regular Fit Black Two Piece Tuxedo, Black,no,1394
48, 48.jpg,40, S, Regular Fit Black Two Piece Tuxedo, Black,no,1395
48, 48.jpg,42, S, Regular Fit Black Two Piece Tuxedo, Black,no,1396
48, 48.jpg,44, S, Regular Fit Black Two Piece Tuxedo, Black,no,1397
48, 48.jpg,46, S, Regular Fit Black Two Piece Tuxedo, Black,no,1398
48, 48.jpg,48, S, Regular Fit Black Two Piece Tuxedo, Black,no,1399
48, 48.jpg,50, S, Regular Fit Black Two Piece Tuxedo, Black,no,1400
48, 48.jpg,52, S, Regular Fit Black Two Piece Tuxedo, Black,no,1401
48, 48.jpg,54, S, Regular Fit Black Two Piece Tuxedo, Black,no,1402
48, 48.jpg,36, R, Regular Fit Black Two Piece Tuxedo, Black,no,1403
48, 48.jpg,38, R, Regular Fit Black Two Piece Tuxedo, Black,no,1404
48, 48.jpg,40, R, Regular Fit Black Two Piece Tuxedo, Black,no,1405
48, 48.jpg,42, R, Regular Fit Black Two Piece Tuxedo, Black,no,1406
48, 48.jpg,44, R, Regular Fit Black Two Piece Tuxedo, Black,no,1407
48, 48.jpg,46, R, Regular Fit Black Two Piece Tuxedo, Black,no,1408
48, 48.jpg,48, R, Regular Fit Black Two Piece Tuxedo, Black,no,1409
48, 48.jpg,50, R, Regular Fit Black Two Piece Tuxedo, Black,no,1410
48, 48.jpg,52, R, Regular Fit Black Two Piece Tuxedo, Black,no,1411
48, 48.jpg,54, R, Regular Fit Black Two Piece Tuxedo, Black,no,1412
48, 48.jpg,36, L, Regular Fit Black Two Piece Tuxedo, Black,no,1413
48, 48.jpg,38, L, Regular Fit Black Two Piece Tuxedo, Black,no,1414
48, 48.jpg,40, L, Regular Fit Black Two Piece Tuxedo, Black,no,1415
48, 48.jpg,42, L, Regular Fit Black Two Piece Tuxedo, Black,no,1416
48, 48.jpg,44, L, Regular Fit Black Two Piece Tuxedo, Black,no,1417
48, 48.jpg,46, L, Regular Fit Black Two Piece Tuxedo, Black,no,1418
48, 48.jpg,48, L, Regular Fit Black Two Piece Tuxedo, Black,no,1419
48, 48.jpg,50, L, Regular Fit Black Two Piece Tuxedo, Black,no,1420
48, 48.jpg,52, L, Regular Fit Black Two Piece Tuxedo, Black,no,1421
48, 48.jpg,54, L, Regular Fit Black Two Piece Tuxedo, Black,no,1422
50, 50.jpg,38, S, Tailored Fit Navy Textured Three Piece Tuxedo, Navy,no,1423
50, 50.jpg,40, S, Tailored Fit Navy Textured Three Piece Tuxedo, Navy,no,1424
50, 50.jpg,42, S, Tailored Fit Navy Textured Three Piece Tuxedo, Navy,no,1425
50, 50.jpg,44, S, Tailored Fit Navy Textured Three Piece Tuxedo, Navy,no,1426
50, 50.jpg,46, S, Tailored Fit Navy Textured Three Piece Tuxedo, Navy,no,1427
50, 50.jpg,48, S, Tailored Fit Navy Textured Three Piece Tuxedo, Navy,no,1428
50, 50.jpg,50, S, Tailored Fit Navy Textured Three Piece Tuxedo, Navy,no,1429
50, 50.jpg,38, R, Tailored Fit Navy Textured Three Piece Tuxedo, Navy,no,1430
50, 50.jpg,40, R, Tailored Fit Navy Textured Three Piece Tuxedo, Navy,no,1431
50, 50.jpg,42, R, Tailored Fit Navy Textured Three Piece Tuxedo, Navy,no,1432
50, 50.jpg,44, R, Tailored Fit Navy Textured Three Piece Tuxedo, Navy,no,1433
50, 50.jpg,46, R, Tailored Fit Navy Textured Three Piece Tuxedo, Navy,no,1434
50, 50.jpg,48, R, Tailored Fit Navy Textured Three Piece Tuxedo, Navy,no,1435
50, 50.jpg,50, R, Tailored Fit Navy Textured Three Piece Tuxedo, Navy,no,1436
50, 50.jpg,38, L, Tailored Fit Navy Textured Three Piece Tuxedo, Navy,no,1437
50, 50.jpg,40, L, Tailored Fit Navy Textured Three Piece Tuxedo, Navy,no,1438
50, 50.jpg,42, L, Tailored Fit Navy Textured Three Piece Tuxedo, Navy,no,1439
50, 50.jpg,44, L, Tailored Fit Navy Textured Three Piece Tuxedo, Navy,no,1440
50, 50.jpg,46, L, Tailored Fit Navy Textured Three Piece Tuxedo, Navy,no,1441
50, 50.jpg,48, L, Tailored Fit Navy Textured Three Piece Tuxedo, Navy,no,1442
50, 50.jpg,50, L, Tailored Fit Navy Textured Three Piece Tuxedo, Navy,no,1443
