ID, Photo, Chest, Length, Name, Colour
1, 1.jpg,34, S, Tailored Fit Navy Performance Suit, Navy
1, 1.jpg,36, S, Tailored Fit Navy Performance Suit, Navy
1, 1.jpg,38, S, Tailored Fit Navy Performance Suit, Navy
1, 1.jpg,40, S, Tailored Fit Navy Performance Suit, Navy
1, 1.jpg,42, S, Tailored Fit Navy Performance Suit, Navy
1, 1.jpg,44, S, Tailored Fit Navy Performance Suit, Navy
1, 1.jpg,46, S, Tailored Fit Navy Performance Suit, Navy
1, 1.jpg,48, S, Tailored Fit Navy Performance Suit, Navy
1, 1.jpg,50, S, Tailored Fit Navy Performance Suit, Navy
1, 1.jpg,52, S, Tailored Fit Navy Performance Suit, Navy
1, 1.jpg,54, S, Tailored Fit Navy Performance Suit, Navy
1, 1.jpg,56, S, Tailored Fit Navy Performance Suit, Navy
1, 1.jpg,34, R, Tailored Fit Navy Performance Suit, Navy
1, 1.jpg,36, R, Tailored Fit Navy Performance Suit, Navy
1, 1.jpg,38, R, Tailored Fit Navy Performance Suit, Navy
1, 1.jpg,40, R, Tailored Fit Navy Performance Suit, Navy
1, 1.jpg,42, R, Tailored Fit Navy Performance Suit, Navy
1, 1.jpg,44, R, Tailored Fit Navy Performance Suit, Navy
1, 1.jpg,46, R, Tailored Fit Navy Performance Suit, Navy
1, 1.jpg,48, R, Tailored Fit Navy Performance Suit, Navy
1, 1.jpg,50, R, Tailored Fit Navy Performance Suit, Navy
1, 1.jpg,52, R, Tailored Fit Navy Performance Suit, Navy
1, 1.jpg,54, R, Tailored Fit Navy Performance Suit, Navy
1, 1.jpg,56, R, Tailored Fit Navy Performance Suit, Navy
1, 1.jpg,34, L, Tailored Fit Navy Performance Suit, Navy
1, 1.jpg,36, L, Tailored Fit Navy Performance Suit, Navy
1, 1.jpg,38, L, Tailored Fit Navy Performance Suit, Navy
1, 1.jpg,40, L, Tailored Fit Navy Performance Suit, Navy
1, 1.jpg,42, L, Tailored Fit Navy Performance Suit, Navy
1, 1.jpg,44, L, Tailored Fit Navy Performance Suit, Navy
1, 1.jpg,46, L, Tailored Fit Navy Performance Suit, Navy
1, 1.jpg,48, L, Tailored Fit Navy Performance Suit, Navy
1, 1.jpg,50, L, Tailored Fit Navy Performance Suit, Navy
1, 1.jpg,52, L, Tailored Fit Navy Performance Suit, Navy
1, 1.jpg,54, L, Tailored Fit Navy Performance Suit, Navy
1, 1.jpg,56, L, Tailored Fit Navy Performance Suit, Navy
1, 1.jpg,34, XL, Tailored Fit Navy Performance Suit, Navy
1, 1.jpg,36, XL, Tailored Fit Navy Performance Suit, Navy
1, 1.jpg,38, XL, Tailored Fit Navy Performance Suit, Navy
1, 1.jpg,40, XL, Tailored Fit Navy Performance Suit, Navy
1, 1.jpg,42, XL, Tailored Fit Navy Performance Suit, Navy
1, 1.jpg,44, XL, Tailored Fit Navy Performance Suit, Navy
1, 1.jpg,46, XL, Tailored Fit Navy Performance Suit, Navy
1, 1.jpg,48, XL, Tailored Fit Navy Performance Suit, Navy
1, 1.jpg,50, XL, Tailored Fit Navy Performance Suit, Navy
1, 1.jpg,52, XL, Tailored Fit Navy Performance Suit, Navy
1, 1.jpg,54, XL, Tailored Fit Navy Performance Suit, Navy
1, 1.jpg,56, XL, Tailored Fit Navy Performance Suit, Navy
3, 3.jpg,34, S, Tailored Fit Dark Brown Corduroy Suit, Brown
3, 3.jpg,36, S, Tailored Fit Dark Brown Corduroy Suit, Brown
3, 3.jpg,38, S, Tailored Fit Dark Brown Corduroy Suit, Brown
3, 3.jpg,40, S, Tailored Fit Dark Brown Corduroy Suit, Brown
3, 3.jpg,42, S, Tailored Fit Dark Brown Corduroy Suit, Brown
3, 3.jpg,44, S, Tailored Fit Dark Brown Corduroy Suit, Brown
3, 3.jpg,46, S, Tailored Fit Dark Brown Corduroy Suit, Brown
3, 3.jpg,48, S, Tailored Fit Dark Brown Corduroy Suit, Brown
3, 3.jpg,50, S, Tailored Fit Dark Brown Corduroy Suit, Brown
3, 3.jpg,52, S, Tailored Fit Dark Brown Corduroy Suit, Brown
3, 3.jpg,54, S, Tailored Fit Dark Brown Corduroy Suit, Brown
3, 3.jpg,56, S, Tailored Fit Dark Brown Corduroy Suit, Brown
3, 3.jpg,34, R, Tailored Fit Dark Brown Corduroy Suit, Brown
3, 3.jpg,36, R, Tailored Fit Dark Brown Corduroy Suit, Brown
3, 3.jpg,38, R, Tailored Fit Dark Brown Corduroy Suit, Brown
3, 3.jpg,40, R, Tailored Fit Dark Brown Corduroy Suit, Brown
3, 3.jpg,42, R, Tailored Fit Dark Brown Corduroy Suit, Brown
3, 3.jpg,44, R, Tailored Fit Dark Brown Corduroy Suit, Brown
3, 3.jpg,46, R, Tailored Fit Dark Brown Corduroy Suit, Brown
3, 3.jpg,48, R, Tailored Fit Dark Brown Corduroy Suit, Brown
3, 3.jpg,50, R, Tailored Fit Dark Brown Corduroy Suit, Brown
3, 3.jpg,52, R, Tailored Fit Dark Brown Corduroy Suit, Brown
3, 3.jpg,54, R, Tailored Fit Dark Brown Corduroy Suit, Brown
3, 3.jpg,56, R, Tailored Fit Dark Brown Corduroy Suit, Brown
3, 3.jpg,34, L, Tailored Fit Dark Brown Corduroy Suit, Brown
3, 3.jpg,36, L, Tailored Fit Dark Brown Corduroy Suit, Brown
3, 3.jpg,38, L, Tailored Fit Dark Brown Corduroy Suit, Brown
3, 3.jpg,40, L, Tailored Fit Dark Brown Corduroy Suit, Brown
3, 3.jpg,42, L, Tailored Fit Dark Brown Corduroy Suit, Brown
3, 3.jpg,44, L, Tailored Fit Dark Brown Corduroy Suit, Brown
3, 3.jpg,46, L, Tailored Fit Dark Brown Corduroy Suit, Brown
3, 3.jpg,48, L, Tailored Fit Dark Brown Corduroy Suit, Brown
3, 3.jpg,50, L, Tailored Fit Dark Brown Corduroy Suit, Brown
3, 3.jpg,52, L, Tailored Fit Dark Brown Corduroy Suit, Brown
3, 3.jpg,54, L, Tailored Fit Dark Brown Corduroy Suit, Brown
3, 3.jpg,56, L, Tailored Fit Dark Brown Corduroy Suit, Brown
3, 3.jpg,34, XL, Tailored Fit Dark Brown Corduroy Suit, Brown
3, 3.jpg,36, XL, Tailored Fit Dark Brown Corduroy Suit, Brown
3, 3.jpg,38, XL, Tailored Fit Dark Brown Corduroy Suit, Brown
3, 3.jpg,40, XL, Tailored Fit Dark Brown Corduroy Suit, Brown
3, 3.jpg,42, XL, Tailored Fit Dark Brown Corduroy Suit, Brown
3, 3.jpg,44, XL, Tailored Fit Dark Brown Corduroy Suit, Brown
3, 3.jpg,46, XL, Tailored Fit Dark Brown Corduroy Suit, Brown
3, 3.jpg,48, XL, Tailored Fit Dark Brown Corduroy Suit, Brown
3, 3.jpg,50, XL, Tailored Fit Dark Brown Corduroy Suit, Brown
3, 3.jpg,52, XL, Tailored Fit Dark Brown Corduroy Suit, Brown
3, 3.jpg,54, XL, Tailored Fit Dark Brown Corduroy Suit, Brown
3, 3.jpg,56, XL, Tailored Fit Dark Brown Corduroy Suit, Brown
5, 5.jpg,34, S, Slim Fit Taupe Suit, Taupe
5, 5.jpg,36, S, Slim Fit Taupe Suit, Taupe
5, 5.jpg,38, S, Slim Fit Taupe Suit, Taupe
5, 5.jpg,40, S, Slim Fit Taupe Suit, Taupe
5, 5.jpg,42, S, Slim Fit Taupe Suit, Taupe
5, 5.jpg,44, S, Slim Fit Taupe Suit, Taupe
5, 5.jpg,46, S, Slim Fit Taupe Suit, Taupe
5, 5.jpg,48, S, Slim Fit Taupe Suit, Taupe
5, 5.jpg,50, S, Slim Fit Taupe Suit, Taupe
5, 5.jpg,34, R, Slim Fit Taupe Suit, Taupe
5, 5.jpg,36, R, Slim Fit Taupe Suit, Taupe
5, 5.jpg,38, R, Slim Fit Taupe Suit, Taupe
5, 5.jpg,40, R, Slim Fit Taupe Suit, Taupe
5, 5.jpg,42, R, Slim Fit Taupe Suit, Taupe
5, 5.jpg,44, R, Slim Fit Taupe Suit, Taupe
5, 5.jpg,46, R, Slim Fit Taupe Suit, Taupe
5, 5.jpg,48, R, Slim Fit Taupe Suit, Taupe
5, 5.jpg,50, R, Slim Fit Taupe Suit, Taupe
5, 5.jpg,34, L, Slim Fit Taupe Suit, Taupe
5, 5.jpg,36, L, Slim Fit Taupe Suit, Taupe
5, 5.jpg,38, L, Slim Fit Taupe Suit, Taupe
5, 5.jpg,40, L, Slim Fit Taupe Suit, Taupe
5, 5.jpg,42, L, Slim Fit Taupe Suit, Taupe
5, 5.jpg,44, L, Slim Fit Taupe Suit, Taupe
5, 5.jpg,46, L, Slim Fit Taupe Suit, Taupe
5, 5.jpg,48, L, Slim Fit Taupe Suit, Taupe
5, 5.jpg,50, L, Slim Fit Taupe Suit, Taupe
7, 7.jpg,34, S, Tailored Fit Navy Black Check Suit, Navy / Black
7, 7.jpg,36, S, Tailored Fit Navy Black Check Suit, Navy / Black
7, 7.jpg,38, S, Tailored Fit Navy Black Check Suit, Navy / Black
7, 7.jpg,40, S, Tailored Fit Navy Black Check Suit, Navy / Black
7, 7.jpg,42, S, Tailored Fit Navy Black Check Suit, Navy / Black
7, 7.jpg,44, S, Tailored Fit Navy Black Check Suit, Navy / Black
7, 7.jpg,46, S, Tailored Fit Navy Black Check Suit, Navy / Black
7, 7.jpg,48, S, Tailored Fit Navy Black Check Suit, Navy / Black
7, 7.jpg,50, S, Tailored Fit Navy Black Check Suit, Navy / Black
7, 7.jpg,52, S, Tailored Fit Navy Black Check Suit, Navy / Black
7, 7.jpg,34, R, Tailored Fit Navy Black Check Suit, Navy / Black
7, 7.jpg,36, R, Tailored Fit Navy Black Check Suit, Navy / Black
7, 7.jpg,38, R, Tailored Fit Navy Black Check Suit, Navy / Black
7, 7.jpg,40, R, Tailored Fit Navy Black Check Suit, Navy / Black
7, 7.jpg,42, R, Tailored Fit Navy Black Check Suit, Navy / Black
7, 7.jpg,44, R, Tailored Fit Navy Black Check Suit, Navy / Black
7, 7.jpg,46, R, Tailored Fit Navy Black Check Suit, Navy / Black
7, 7.jpg,48, R, Tailored Fit Navy Black Check Suit, Navy / Black
7, 7.jpg,50, R, Tailored Fit Navy Black Check Suit, Navy / Black
7, 7.jpg,52, R, Tailored Fit Navy Black Check Suit, Navy / Black
7, 7.jpg,34, L, Tailored Fit Navy Black Check Suit, Navy / Black
7, 7.jpg,36, L, Tailored Fit Navy Black Check Suit, Navy / Black
7, 7.jpg,38, L, Tailored Fit Navy Black Check Suit, Navy / Black
7, 7.jpg,40, L, Tailored Fit Navy Black Check Suit, Navy / Black
7, 7.jpg,42, L, Tailored Fit Navy Black Check Suit, Navy / Black
7, 7.jpg,44, L, Tailored Fit Navy Black Check Suit, Navy / Black
7, 7.jpg,46, L, Tailored Fit Navy Black Check Suit, Navy / Black
7, 7.jpg,48, L, Tailored Fit Navy Black Check Suit, Navy / Black
7, 7.jpg,50, L, Tailored Fit Navy Black Check Suit, Navy / Black
7, 7.jpg,52, L, Tailored Fit Navy Black Check Suit, Navy / Black
9, 9.jpg,34, S, Skinny Fit Blue Twisted Suit, Blue
9, 9.jpg,36, S, Skinny Fit Blue Twisted Suit, Blue
9, 9.jpg,38, S, Skinny Fit Blue Twisted Suit, Blue
9, 9.jpg,40, S, Skinny Fit Blue Twisted Suit, Blue
9, 9.jpg,42, S, Skinny Fit Blue Twisted Suit, Blue
9, 9.jpg,44, S, Skinny Fit Blue Twisted Suit, Blue
9, 9.jpg,46, S, Skinny Fit Blue Twisted Suit, Blue
9, 9.jpg,48, S, Skinny Fit Blue Twisted Suit, Blue
9, 9.jpg,50, S, Skinny Fit Blue Twisted Suit, Blue
9, 9.jpg,52, S, Skinny Fit Blue Twisted Suit, Blue
9, 9.jpg,34, R, Skinny Fit Blue Twisted Suit, Blue
9, 9.jpg,36, R, Skinny Fit Blue Twisted Suit, Blue
9, 9.jpg,38, R, Skinny Fit Blue Twisted Suit, Blue
9, 9.jpg,40, R, Skinny Fit Blue Twisted Suit, Blue
9, 9.jpg,42, R, Skinny Fit Blue Twisted Suit, Blue
9, 9.jpg,44, R, Skinny Fit Blue Twisted Suit, Blue
9, 9.jpg,46, R, Skinny Fit Blue Twisted Suit, Blue
9, 9.jpg,48, R, Skinny Fit Blue Twisted Suit, Blue
9, 9.jpg,50, R, Skinny Fit Blue Twisted Suit, Blue
9, 9.jpg,52, R, Skinny Fit Blue Twisted Suit, Blue
9, 9.jpg,34, L, Skinny Fit Blue Twisted Suit, Blue
9, 9.jpg,36, L, Skinny Fit Blue Twisted Suit, Blue
9, 9.jpg,38, L, Skinny Fit Blue Twisted Suit, Blue
9, 9.jpg,40, L, Skinny Fit Blue Twisted Suit, Blue
9, 9.jpg,42, L, Skinny Fit Blue Twisted Suit, Blue
9, 9.jpg,44, L, Skinny Fit Blue Twisted Suit, Blue
9, 9.jpg,46, L, Skinny Fit Blue Twisted Suit, Blue
9, 9.jpg,48, L, Skinny Fit Blue Twisted Suit, Blue
9, 9.jpg,50, L, Skinny Fit Blue Twisted Suit, Blue
9, 9.jpg,52, L, Skinny Fit Blue Twisted Suit, Blue
11, 11.jpg,34, S, Slim Fit Stone Donegal Tweed Suit, Stone
11, 11.jpg,36, S, Slim Fit Stone Donegal Tweed Suit, Stone
11, 11.jpg,38, S, Slim Fit Stone Donegal Tweed Suit, Stone
11, 11.jpg,40, S, Slim Fit Stone Donegal Tweed Suit, Stone
11, 11.jpg,42, S, Slim Fit Stone Donegal Tweed Suit, Stone
11, 11.jpg,44, S, Slim Fit Stone Donegal Tweed Suit, Stone
11, 11.jpg,46, S, Slim Fit Stone Donegal Tweed Suit, Stone
11, 11.jpg,48, S, Slim Fit Stone Donegal Tweed Suit, Stone
11, 11.jpg,50, S, Slim Fit Stone Donegal Tweed Suit, Stone
11, 11.jpg,52, S, Slim Fit Stone Donegal Tweed Suit, Stone
11, 11.jpg,34, R, Slim Fit Stone Donegal Tweed Suit, Stone
11, 11.jpg,36, R, Slim Fit Stone Donegal Tweed Suit, Stone
11, 11.jpg,38, R, Slim Fit Stone Donegal Tweed Suit, Stone
11, 11.jpg,40, R, Slim Fit Stone Donegal Tweed Suit, Stone
11, 11.jpg,42, R, Slim Fit Stone Donegal Tweed Suit, Stone
11, 11.jpg,44, R, Slim Fit Stone Donegal Tweed Suit, Stone
11, 11.jpg,46, R, Slim Fit Stone Donegal Tweed Suit, Stone
11, 11.jpg,48, R, Slim Fit Stone Donegal Tweed Suit, Stone
11, 11.jpg,50, R, Slim Fit Stone Donegal Tweed Suit, Stone
11, 11.jpg,52, R, Slim Fit Stone Donegal Tweed Suit, Stone
11, 11.jpg,34, L, Slim Fit Stone Donegal Tweed Suit, Stone
11, 11.jpg,36, L, Slim Fit Stone Donegal Tweed Suit, Stone
11, 11.jpg,38, L, Slim Fit Stone Donegal Tweed Suit, Stone
11, 11.jpg,40, L, Slim Fit Stone Donegal Tweed Suit, Stone
11, 11.jpg,42, L, Slim Fit Stone Donegal Tweed Suit, Stone
11, 11.jpg,44, L, Slim Fit Stone Donegal Tweed Suit, Stone
11, 11.jpg,46, L, Slim Fit Stone Donegal Tweed Suit, Stone
11, 11.jpg,48, L, Slim Fit Stone Donegal Tweed Suit, Stone
11, 11.jpg,50, L, Slim Fit Stone Donegal Tweed Suit, Stone
11, 11.jpg,52, L, Slim Fit Stone Donegal Tweed Suit, Stone
13, 13.jpg,34, S, Tailored Fit Navy Stripe DB Suit Jacket, Navy
13, 13.jpg,36, S, Tailored Fit Navy Stripe DB Suit Jacket, Navy
13, 13.jpg,38, S, Tailored Fit Navy Stripe DB Suit Jacket, Navy
13, 13.jpg,40, S, Tailored Fit Navy Stripe DB Suit Jacket, Navy
13, 13.jpg,42, S, Tailored Fit Navy Stripe DB Suit Jacket, Navy
13, 13.jpg,44, S, Tailored Fit Navy Stripe DB Suit Jacket, Navy
13, 13.jpg,46, S, Tailored Fit Navy Stripe DB Suit Jacket, Navy
13, 13.jpg,48, S, Tailored Fit Navy Stripe DB Suit Jacket, Navy
13, 13.jpg,50, S, Tailored Fit Navy Stripe DB Suit Jacket, Navy
13, 13.jpg,52, S, Tailored Fit Navy Stripe DB Suit Jacket, Navy
13, 13.jpg,34, R, Tailored Fit Navy Stripe DB Suit Jacket, Navy
13, 13.jpg,36, R, Tailored Fit Navy Stripe DB Suit Jacket, Navy
13, 13.jpg,38, R, Tailored Fit Navy Stripe DB Suit Jacket, Navy
13, 13.jpg,40, R, Tailored Fit Navy Stripe DB Suit Jacket, Navy
13, 13.jpg,42, R, Tailored Fit Navy Stripe DB Suit Jacket, Navy
13, 13.jpg,44, R, Tailored Fit Navy Stripe DB Suit Jacket, Navy
13, 13.jpg,46, R, Tailored Fit Navy Stripe DB Suit Jacket, Navy
13, 13.jpg,48, R, Tailored Fit Navy Stripe DB Suit Jacket, Navy
13, 13.jpg,50, R, Tailored Fit Navy Stripe DB Suit Jacket, Navy
13, 13.jpg,52, R, Tailored Fit Navy Stripe DB Suit Jacket, Navy
13, 13.jpg,34, L, Tailored Fit Navy Stripe DB Suit Jacket, Navy
13, 13.jpg,36, L, Tailored Fit Navy Stripe DB Suit Jacket, Navy
13, 13.jpg,38, L, Tailored Fit Navy Stripe DB Suit Jacket, Navy
13, 13.jpg,40, L, Tailored Fit Navy Stripe DB Suit Jacket, Navy
13, 13.jpg,42, L, Tailored Fit Navy Stripe DB Suit Jacket, Navy
13, 13.jpg,44, L, Tailored Fit Navy Stripe DB Suit Jacket, Navy
13, 13.jpg,46, L, Tailored Fit Navy Stripe DB Suit Jacket, Navy
13, 13.jpg,48, L, Tailored Fit Navy Stripe DB Suit Jacket, Navy
13, 13.jpg,50, L, Tailored Fit Navy Stripe DB Suit Jacket, Navy
13, 13.jpg,52, L, Tailored Fit Navy Stripe DB Suit Jacket, Navy
15, 15.jpg,34, S, Ink Corduroy DB Suit, Ink
15, 15.jpg,36, S, Ink Corduroy DB Suit, Ink
15, 15.jpg,38, S, Ink Corduroy DB Suit, Ink
15, 15.jpg,40, S, Ink Corduroy DB Suit, Ink
15, 15.jpg,42, S, Ink Corduroy DB Suit, Ink
15, 15.jpg,44, S, Ink Corduroy DB Suit, Ink
15, 15.jpg,46, S, Ink Corduroy DB Suit, Ink
15, 15.jpg,48, S, Ink Corduroy DB Suit, Ink
15, 15.jpg,50, S, Ink Corduroy DB Suit, Ink
15, 15.jpg,52, S, Ink Corduroy DB Suit, Ink
15, 15.jpg,34, R, Ink Corduroy DB Suit, Ink
15, 15.jpg,36, R, Ink Corduroy DB Suit, Ink
15, 15.jpg,38, R, Ink Corduroy DB Suit, Ink
15, 15.jpg,40, R, Ink Corduroy DB Suit, Ink
15, 15.jpg,42, R, Ink Corduroy DB Suit, Ink
15, 15.jpg,44, R, Ink Corduroy DB Suit, Ink
15, 15.jpg,46, R, Ink Corduroy DB Suit, Ink
15, 15.jpg,48, R, Ink Corduroy DB Suit, Ink
15, 15.jpg,50, R, Ink Corduroy DB Suit, Ink
15, 15.jpg,52, R, Ink Corduroy DB Suit, Ink
15, 15.jpg,34, L, Ink Corduroy DB Suit, Ink
15, 15.jpg,36, L, Ink Corduroy DB Suit, Ink
15, 15.jpg,38, L, Ink Corduroy DB Suit, Ink
15, 15.jpg,40, L, Ink Corduroy DB Suit, Ink
15, 15.jpg,42, L, Ink Corduroy DB Suit, Ink
15, 15.jpg,44, L, Ink Corduroy DB Suit, Ink
15, 15.jpg,46, L, Ink Corduroy DB Suit, Ink
15, 15.jpg,48, L, Ink Corduroy DB Suit, Ink
15, 15.jpg,50, L, Ink Corduroy DB Suit, Ink
15, 15.jpg,52, L, Ink Corduroy DB Suit, Ink
17, 17.jpg,36, S, Tailored Fit Navy Check Performance Suit, Navy
17, 17.jpg,38, S, Tailored Fit Navy Check Performance Suit, Navy
17, 17.jpg,40, S, Tailored Fit Navy Check Performance Suit, Navy
17, 17.jpg,42, S, Tailored Fit Navy Check Performance Suit, Navy
17, 17.jpg,44, S, Tailored Fit Navy Check Performance Suit, Navy
17, 17.jpg,46, S, Tailored Fit Navy Check Performance Suit, Navy
17, 17.jpg,48, S, Tailored Fit Navy Check Performance Suit, Navy
17, 17.jpg,50, S, Tailored Fit Navy Check Performance Suit, Navy
17, 17.jpg,52, S, Tailored Fit Navy Check Performance Suit, Navy
17, 17.jpg,34, R, Tailored Fit Navy Check Performance Suit, Navy
17, 17.jpg,36, R, Tailored Fit Navy Check Performance Suit, Navy
17, 17.jpg,38, R, Tailored Fit Navy Check Performance Suit, Navy
17, 17.jpg,40, R, Tailored Fit Navy Check Performance Suit, Navy
17, 17.jpg,42, R, Tailored Fit Navy Check Performance Suit, Navy
17, 17.jpg,44, R, Tailored Fit Navy Check Performance Suit, Navy
17, 17.jpg,46, R, Tailored Fit Navy Check Performance Suit, Navy
17, 17.jpg,48, R, Tailored Fit Navy Check Performance Suit, Navy
17, 17.jpg,50, R, Tailored Fit Navy Check Performance Suit, Navy
17, 17.jpg,52, R, Tailored Fit Navy Check Performance Suit, Navy
17, 17.jpg,34, L, Tailored Fit Navy Check Performance Suit, Navy
17, 17.jpg,36, L, Tailored Fit Navy Check Performance Suit, Navy
17, 17.jpg,38, L, Tailored Fit Navy Check Performance Suit, Navy
17, 17.jpg,40, L, Tailored Fit Navy Check Performance Suit, Navy
17, 17.jpg,42, L, Tailored Fit Navy Check Performance Suit, Navy
17, 17.jpg,44, L, Tailored Fit Navy Check Performance Suit, Navy
17, 17.jpg,46, L, Tailored Fit Navy Check Performance Suit, Navy
17, 17.jpg,48, L, Tailored Fit Navy Check Performance Suit, Navy
17, 17.jpg,50, L, Tailored Fit Navy Check Performance Suit, Navy
17, 17.jpg,52, L, Tailored Fit Navy Check Performance Suit, Navy
19, 19.jpg,34, S, Slim Fit Black Stretch Suit, Black
19, 19.jpg,36, S, Slim Fit Black Stretch Suit, Black
19, 19.jpg,38, S, Slim Fit Black Stretch Suit, Black
19, 19.jpg,40, S, Slim Fit Black Stretch Suit, Black
19, 19.jpg,42, S, Slim Fit Black Stretch Suit, Black
19, 19.jpg,44, S, Slim Fit Black Stretch Suit, Black
19, 19.jpg,46, S, Slim Fit Black Stretch Suit, Black
19, 19.jpg,48, S, Slim Fit Black Stretch Suit, Black
19, 19.jpg,50, S, Slim Fit Black Stretch Suit, Black
19, 19.jpg,52, S, Slim Fit Black Stretch Suit, Black
19, 19.jpg,34, R, Slim Fit Black Stretch Suit, Black
19, 19.jpg,36, R, Slim Fit Black Stretch Suit, Black
19, 19.jpg,38, R, Slim Fit Black Stretch Suit, Black
19, 19.jpg,40, R, Slim Fit Black Stretch Suit, Black
19, 19.jpg,42, R, Slim Fit Black Stretch Suit, Black
19, 19.jpg,44, R, Slim Fit Black Stretch Suit, Black
19, 19.jpg,46, R, Slim Fit Black Stretch Suit, Black
19, 19.jpg,48, R, Slim Fit Black Stretch Suit, Black
19, 19.jpg,50, R, Slim Fit Black Stretch Suit, Black
19, 19.jpg,52, R, Slim Fit Black Stretch Suit, Black
19, 19.jpg,34, L, Slim Fit Black Stretch Suit, Black
19, 19.jpg,36, L, Slim Fit Black Stretch Suit, Black
19, 19.jpg,38, L, Slim Fit Black Stretch Suit, Black
19, 19.jpg,40, L, Slim Fit Black Stretch Suit, Black
19, 19.jpg,42, L, Slim Fit Black Stretch Suit, Black
19, 19.jpg,44, L, Slim Fit Black Stretch Suit, Black
19, 19.jpg,46, L, Slim Fit Black Stretch Suit, Black
19, 19.jpg,48, L, Slim Fit Black Stretch Suit, Black
19, 19.jpg,50, L, Slim Fit Black Stretch Suit, Black
19, 19.jpg,52, L, Slim Fit Black Stretch Suit, Black
21, 21.jpg,34, S, Tailored Fit Dark Green Corduroy Suit, Dark Green
21, 21.jpg,36, S, Tailored Fit Dark Green Corduroy Suit, Dark Green
21, 21.jpg,38, S, Tailored Fit Dark Green Corduroy Suit, Dark Green
21, 21.jpg,40, S, Tailored Fit Dark Green Corduroy Suit, Dark Green
21, 21.jpg,42, S, Tailored Fit Dark Green Corduroy Suit, Dark Green
21, 21.jpg,44, S, Tailored Fit Dark Green Corduroy Suit, Dark Green
21, 21.jpg,46, S, Tailored Fit Dark Green Corduroy Suit, Dark Green
21, 21.jpg,48, S, Tailored Fit Dark Green Corduroy Suit, Dark Green
21, 21.jpg,50, S, Tailored Fit Dark Green Corduroy Suit, Dark Green
21, 21.jpg,52, S, Tailored Fit Dark Green Corduroy Suit, Dark Green
21, 21.jpg,34, R, Tailored Fit Dark Green Corduroy Suit, Dark Green
21, 21.jpg,36, R, Tailored Fit Dark Green Corduroy Suit, Dark Green
21, 21.jpg,38, R, Tailored Fit Dark Green Corduroy Suit, Dark Green
21, 21.jpg,40, R, Tailored Fit Dark Green Corduroy Suit, Dark Green
21, 21.jpg,42, R, Tailored Fit Dark Green Corduroy Suit, Dark Green
21, 21.jpg,44, R, Tailored Fit Dark Green Corduroy Suit, Dark Green
21, 21.jpg,46, R, Tailored Fit Dark Green Corduroy Suit, Dark Green
21, 21.jpg,48, R, Tailored Fit Dark Green Corduroy Suit, Dark Green
21, 21.jpg,50, R, Tailored Fit Dark Green Corduroy Suit, Dark Green
21, 21.jpg,52, R, Tailored Fit Dark Green Corduroy Suit, Dark Green
21, 21.jpg,34, L, Tailored Fit Dark Green Corduroy Suit, Dark Green
21, 21.jpg,36, L, Tailored Fit Dark Green Corduroy Suit, Dark Green
21, 21.jpg,38, L, Tailored Fit Dark Green Corduroy Suit, Dark Green
21, 21.jpg,40, L, Tailored Fit Dark Green Corduroy Suit, Dark Green
21, 21.jpg,42, L, Tailored Fit Dark Green Corduroy Suit, Dark Green
21, 21.jpg,44, L, Tailored Fit Dark Green Corduroy Suit, Dark Green
21, 21.jpg,46, L, Tailored Fit Dark Green Corduroy Suit, Dark Green
21, 21.jpg,48, L, Tailored Fit Dark Green Corduroy Suit, Dark Green
21, 21.jpg,50, L, Tailored Fit Dark Green Corduroy Suit, Dark Green
21, 21.jpg,52, L, Tailored Fit Dark Green Corduroy Suit, Dark Green
23, 23.jpg,34, S, Slim Fit Navy Suit, Navy
23, 23.jpg,36, S, Slim Fit Navy Suit, Navy
23, 23.jpg,38, S, Slim Fit Navy Suit, Navy
23, 23.jpg,40, S, Slim Fit Navy Suit, Navy
23, 23.jpg,42, S, Slim Fit Navy Suit, Navy
23, 23.jpg,44, S, Slim Fit Navy Suit, Navy
23, 23.jpg,46, S, Slim Fit Navy Suit, Navy
23, 23.jpg,48, S, Slim Fit Navy Suit, Navy
23, 23.jpg,50, S, Slim Fit Navy Suit, Navy
23, 23.jpg,52, S, Slim Fit Navy Suit, Navy
23, 23.jpg,34, R, Slim Fit Navy Suit, Navy
23, 23.jpg,36, R, Slim Fit Navy Suit, Navy
23, 23.jpg,38, R, Slim Fit Navy Suit, Navy
23, 23.jpg,40, R, Slim Fit Navy Suit, Navy
23, 23.jpg,42, R, Slim Fit Navy Suit, Navy
23, 23.jpg,44, R, Slim Fit Navy Suit, Navy
23, 23.jpg,46, R, Slim Fit Navy Suit, Navy
23, 23.jpg,48, R, Slim Fit Navy Suit, Navy
23, 23.jpg,50, R, Slim Fit Navy Suit, Navy
23, 23.jpg,52, R, Slim Fit Navy Suit, Navy
23, 23.jpg,34, L, Slim Fit Navy Suit, Navy
23, 23.jpg,36, L, Slim Fit Navy Suit, Navy
23, 23.jpg,38, L, Slim Fit Navy Suit, Navy
23, 23.jpg,40, L, Slim Fit Navy Suit, Navy
23, 23.jpg,42, L, Slim Fit Navy Suit, Navy
23, 23.jpg,44, L, Slim Fit Navy Suit, Navy
23, 23.jpg,46, L, Slim Fit Navy Suit, Navy
23, 23.jpg,48, L, Slim Fit Navy Suit, Navy
23, 23.jpg,50, L, Slim Fit Navy Suit, Navy
23, 23.jpg,52, L, Slim Fit Navy Suit, Navy
25, 25.jpg,34, S, Slim Fit Olive Corduroy Suit, Olive
25, 25.jpg,36, S, Slim Fit Olive Corduroy Suit, Olive
25, 25.jpg,38, S, Slim Fit Olive Corduroy Suit, Olive
25, 25.jpg,40, S, Slim Fit Olive Corduroy Suit, Olive
25, 25.jpg,42, S, Slim Fit Olive Corduroy Suit, Olive
25, 25.jpg,44, S, Slim Fit Olive Corduroy Suit, Olive
25, 25.jpg,46, S, Slim Fit Olive Corduroy Suit, Olive
25, 25.jpg,48, S, Slim Fit Olive Corduroy Suit, Olive
25, 25.jpg,50, S, Slim Fit Olive Corduroy Suit, Olive
25, 25.jpg,52, S, Slim Fit Olive Corduroy Suit, Olive
25, 25.jpg,34, R, Slim Fit Olive Corduroy Suit, Olive
25, 25.jpg,36, R, Slim Fit Olive Corduroy Suit, Olive
25, 25.jpg,38, R, Slim Fit Olive Corduroy Suit, Olive
25, 25.jpg,40, R, Slim Fit Olive Corduroy Suit, Olive
25, 25.jpg,42, R, Slim Fit Olive Corduroy Suit, Olive
25, 25.jpg,44, R, Slim Fit Olive Corduroy Suit, Olive
25, 25.jpg,46, R, Slim Fit Olive Corduroy Suit, Olive
25, 25.jpg,48, R, Slim Fit Olive Corduroy Suit, Olive
25, 25.jpg,50, R, Slim Fit Olive Corduroy Suit, Olive
25, 25.jpg,52, R, Slim Fit Olive Corduroy Suit, Olive
25, 25.jpg,34, L, Slim Fit Olive Corduroy Suit, Olive
25, 25.jpg,36, L, Slim Fit Olive Corduroy Suit, Olive
25, 25.jpg,38, L, Slim Fit Olive Corduroy Suit, Olive
25, 25.jpg,40, L, Slim Fit Olive Corduroy Suit, Olive
25, 25.jpg,42, L, Slim Fit Olive Corduroy Suit, Olive
25, 25.jpg,44, L, Slim Fit Olive Corduroy Suit, Olive
25, 25.jpg,46, L, Slim Fit Olive Corduroy Suit, Olive
25, 25.jpg,48, L, Slim Fit Olive Corduroy Suit, Olive
25, 25.jpg,50, L, Slim Fit Olive Corduroy Suit, Olive
25, 25.jpg,52, L, Slim Fit Olive Corduroy Suit, Olive
27, 27.jpg,34, S, Slim Fit Navy Puppytooth Suit, Navy
27, 27.jpg,36, S, Slim Fit Navy Puppytooth Suit, Navy
27, 27.jpg,38, S, Slim Fit Navy Puppytooth Suit, Navy
27, 27.jpg,40, S, Slim Fit Navy Puppytooth Suit, Navy
27, 27.jpg,42, S, Slim Fit Navy Puppytooth Suit, Navy
27, 27.jpg,44, S, Slim Fit Navy Puppytooth Suit, Navy
27, 27.jpg,46, S, Slim Fit Navy Puppytooth Suit, Navy
27, 27.jpg,48, S, Slim Fit Navy Puppytooth Suit, Navy
27, 27.jpg,50, S, Slim Fit Navy Puppytooth Suit, Navy
27, 27.jpg,52, S, Slim Fit Navy Puppytooth Suit, Navy
27, 27.jpg,34, R, Slim Fit Navy Puppytooth Suit, Navy
27, 27.jpg,36, R, Slim Fit Navy Puppytooth Suit, Navy
27, 27.jpg,38, R, Slim Fit Navy Puppytooth Suit, Navy
27, 27.jpg,40, R, Slim Fit Navy Puppytooth Suit, Navy
27, 27.jpg,42, R, Slim Fit Navy Puppytooth Suit, Navy
27, 27.jpg,44, R, Slim Fit Navy Puppytooth Suit, Navy
27, 27.jpg,46, R, Slim Fit Navy Puppytooth Suit, Navy
27, 27.jpg,48, R, Slim Fit Navy Puppytooth Suit, Navy
27, 27.jpg,50, R, Slim Fit Navy Puppytooth Suit, Navy
27, 27.jpg,52, R, Slim Fit Navy Puppytooth Suit, Navy
27, 27.jpg,34, L, Slim Fit Navy Puppytooth Suit, Navy
27, 27.jpg,36, L, Slim Fit Navy Puppytooth Suit, Navy
27, 27.jpg,38, L, Slim Fit Navy Puppytooth Suit, Navy
27, 27.jpg,40, L, Slim Fit Navy Puppytooth Suit, Navy
27, 27.jpg,42, L, Slim Fit Navy Puppytooth Suit, Navy
27, 27.jpg,44, L, Slim Fit Navy Puppytooth Suit, Navy
27, 27.jpg,46, L, Slim Fit Navy Puppytooth Suit, Navy
27, 27.jpg,48, L, Slim Fit Navy Puppytooth Suit, Navy
27, 27.jpg,50, L, Slim Fit Navy Puppytooth Suit, Navy
27, 27.jpg,52, L, Slim Fit Navy Puppytooth Suit, Navy
29, 29.jpg,34, S, Italian Tailored Fit Navy Check Suit, Navy
29, 29.jpg,36, S, Italian Tailored Fit Navy Check Suit, Navy
29, 29.jpg,38, S, Italian Tailored Fit Navy Check Suit, Navy
29, 29.jpg,40, S, Italian Tailored Fit Navy Check Suit, Navy
29, 29.jpg,42, S, Italian Tailored Fit Navy Check Suit, Navy
29, 29.jpg,44, S, Italian Tailored Fit Navy Check Suit, Navy
29, 29.jpg,46, S, Italian Tailored Fit Navy Check Suit, Navy
29, 29.jpg,48, S, Italian Tailored Fit Navy Check Suit, Navy
29, 29.jpg,50, S, Italian Tailored Fit Navy Check Suit, Navy
29, 29.jpg,52, S, Italian Tailored Fit Navy Check Suit, Navy
29, 29.jpg,34, R, Italian Tailored Fit Navy Check Suit, Navy
29, 29.jpg,36, R, Italian Tailored Fit Navy Check Suit, Navy
29, 29.jpg,38, R, Italian Tailored Fit Navy Check Suit, Navy
29, 29.jpg,40, R, Italian Tailored Fit Navy Check Suit, Navy
29, 29.jpg,42, R, Italian Tailored Fit Navy Check Suit, Navy
29, 29.jpg,44, R, Italian Tailored Fit Navy Check Suit, Navy
29, 29.jpg,46, R, Italian Tailored Fit Navy Check Suit, Navy
29, 29.jpg,48, R, Italian Tailored Fit Navy Check Suit, Navy
29, 29.jpg,50, R, Italian Tailored Fit Navy Check Suit, Navy
29, 29.jpg,52, R, Italian Tailored Fit Navy Check Suit, Navy
29, 29.jpg,34, L, Italian Tailored Fit Navy Check Suit, Navy
29, 29.jpg,36, L, Italian Tailored Fit Navy Check Suit, Navy
29, 29.jpg,38, L, Italian Tailored Fit Navy Check Suit, Navy
29, 29.jpg,40, L, Italian Tailored Fit Navy Check Suit, Navy
29, 29.jpg,42, L, Italian Tailored Fit Navy Check Suit, Navy
29, 29.jpg,44, L, Italian Tailored Fit Navy Check Suit, Navy
29, 29.jpg,46, L, Italian Tailored Fit Navy Check Suit, Navy
29, 29.jpg,48, L, Italian Tailored Fit Navy Check Suit, Navy
29, 29.jpg,50, L, Italian Tailored Fit Navy Check Suit, Navy
29, 29.jpg,52, L, Italian Tailored Fit Navy Check Suit, Navy
31, 31.jpg,34, S, Italian Tailored Fit Navy Twill Suit, Navy
31, 31.jpg,36, S, Italian Tailored Fit Navy Twill Suit, Navy
31, 31.jpg,38, S, Italian Tailored Fit Navy Twill Suit, Navy
31, 31.jpg,40, S, Italian Tailored Fit Navy Twill Suit, Navy
31, 31.jpg,42, S, Italian Tailored Fit Navy Twill Suit, Navy
31, 31.jpg,44, S, Italian Tailored Fit Navy Twill Suit, Navy
31, 31.jpg,46, S, Italian Tailored Fit Navy Twill Suit, Navy
31, 31.jpg,48, S, Italian Tailored Fit Navy Twill Suit, Navy
31, 31.jpg,50, S, Italian Tailored Fit Navy Twill Suit, Navy
31, 31.jpg,52, S, Italian Tailored Fit Navy Twill Suit, Navy
31, 31.jpg,34, R, Italian Tailored Fit Navy Twill Suit, Navy
31, 31.jpg,36, R, Italian Tailored Fit Navy Twill Suit, Navy
31, 31.jpg,38, R, Italian Tailored Fit Navy Twill Suit, Navy
31, 31.jpg,40, R, Italian Tailored Fit Navy Twill Suit, Navy
31, 31.jpg,42, R, Italian Tailored Fit Navy Twill Suit, Navy
31, 31.jpg,44, R, Italian Tailored Fit Navy Twill Suit, Navy
31, 31.jpg,46, R, Italian Tailored Fit Navy Twill Suit, Navy
31, 31.jpg,48, R, Italian Tailored Fit Navy Twill Suit, Navy
31, 31.jpg,50, R, Italian Tailored Fit Navy Twill Suit, Navy
31, 31.jpg,52, R, Italian Tailored Fit Navy Twill Suit, Navy
31, 31.jpg,34, L, Italian Tailored Fit Navy Twill Suit, Navy
31, 31.jpg,36, L, Italian Tailored Fit Navy Twill Suit, Navy
31, 31.jpg,38, L, Italian Tailored Fit Navy Twill Suit, Navy
31, 31.jpg,40, L, Italian Tailored Fit Navy Twill Suit, Navy
31, 31.jpg,42, L, Italian Tailored Fit Navy Twill Suit, Navy
31, 31.jpg,44, L, Italian Tailored Fit Navy Twill Suit, Navy
31, 31.jpg,46, L, Italian Tailored Fit Navy Twill Suit, Navy
31, 31.jpg,48, L, Italian Tailored Fit Navy Twill Suit, Navy
31, 31.jpg,50, L, Italian Tailored Fit Navy Twill Suit, Navy
31, 31.jpg,52, L, Italian Tailored Fit Navy Twill Suit, Navy
33, 33.jpg,34, S, Tailored Fit Blue Suit, Blue
33, 33.jpg,36, S, Tailored Fit Blue Suit, Blue
33, 33.jpg,38, S, Tailored Fit Blue Suit, Blue
33, 33.jpg,40, S, Tailored Fit Blue Suit, Blue
33, 33.jpg,42, S, Tailored Fit Blue Suit, Blue
33, 33.jpg,44, S, Tailored Fit Blue Suit, Blue
33, 33.jpg,46, S, Tailored Fit Blue Suit, Blue
33, 33.jpg,48, S, Tailored Fit Blue Suit, Blue
33, 33.jpg,50, S, Tailored Fit Blue Suit, Blue
33, 33.jpg,52, S, Tailored Fit Blue Suit, Blue
33, 33.jpg,34, R, Tailored Fit Blue Suit, Blue
33, 33.jpg,36, R, Tailored Fit Blue Suit, Blue
33, 33.jpg,38, R, Tailored Fit Blue Suit, Blue
33, 33.jpg,40, R, Tailored Fit Blue Suit, Blue
33, 33.jpg,42, R, Tailored Fit Blue Suit, Blue
33, 33.jpg,44, R, Tailored Fit Blue Suit, Blue
33, 33.jpg,46, R, Tailored Fit Blue Suit, Blue
33, 33.jpg,48, R, Tailored Fit Blue Suit, Blue
33, 33.jpg,50, R, Tailored Fit Blue Suit, Blue
33, 33.jpg,52, R, Tailored Fit Blue Suit, Blue
33, 33.jpg,34, L, Tailored Fit Blue Suit, Blue
33, 33.jpg,36, L, Tailored Fit Blue Suit, Blue
33, 33.jpg,38, L, Tailored Fit Blue Suit, Blue
33, 33.jpg,40, L, Tailored Fit Blue Suit, Blue
33, 33.jpg,42, L, Tailored Fit Blue Suit, Blue
33, 33.jpg,44, L, Tailored Fit Blue Suit, Blue
33, 33.jpg,46, L, Tailored Fit Blue Suit, Blue
33, 33.jpg,48, L, Tailored Fit Blue Suit, Blue
33, 33.jpg,50, L, Tailored Fit Blue Suit, Blue
33, 33.jpg,52, L, Tailored Fit Blue Suit, Blue
35, 35.jpg,34, S, Italian Tailored Fit Navy Stripe Suit, Navy
35, 35.jpg,36, S, Italian Tailored Fit Navy Stripe Suit, Navy
35, 35.jpg,38, S, Italian Tailored Fit Navy Stripe Suit, Navy
35, 35.jpg,40, S, Italian Tailored Fit Navy Stripe Suit, Navy
35, 35.jpg,42, S, Italian Tailored Fit Navy Stripe Suit, Navy
35, 35.jpg,44, S, Italian Tailored Fit Navy Stripe Suit, Navy
35, 35.jpg,46, S, Italian Tailored Fit Navy Stripe Suit, Navy
35, 35.jpg,48, S, Italian Tailored Fit Navy Stripe Suit, Navy
35, 35.jpg,50, S, Italian Tailored Fit Navy Stripe Suit, Navy
35, 35.jpg,52, S, Italian Tailored Fit Navy Stripe Suit, Navy
35, 35.jpg,34, R, Italian Tailored Fit Navy Stripe Suit, Navy
35, 35.jpg,36, R, Italian Tailored Fit Navy Stripe Suit, Navy
35, 35.jpg,38, R, Italian Tailored Fit Navy Stripe Suit, Navy
35, 35.jpg,40, R, Italian Tailored Fit Navy Stripe Suit, Navy
35, 35.jpg,42, R, Italian Tailored Fit Navy Stripe Suit, Navy
35, 35.jpg,44, R, Italian Tailored Fit Navy Stripe Suit, Navy
35, 35.jpg,46, R, Italian Tailored Fit Navy Stripe Suit, Navy
35, 35.jpg,48, R, Italian Tailored Fit Navy Stripe Suit, Navy
35, 35.jpg,50, R, Italian Tailored Fit Navy Stripe Suit, Navy
35, 35.jpg,52, R, Italian Tailored Fit Navy Stripe Suit, Navy
35, 35.jpg,34, L, Italian Tailored Fit Navy Stripe Suit, Navy
35, 35.jpg,36, L, Italian Tailored Fit Navy Stripe Suit, Navy
35, 35.jpg,38, L, Italian Tailored Fit Navy Stripe Suit, Navy
35, 35.jpg,40, L, Italian Tailored Fit Navy Stripe Suit, Navy
35, 35.jpg,42, L, Italian Tailored Fit Navy Stripe Suit, Navy
35, 35.jpg,44, L, Italian Tailored Fit Navy Stripe Suit, Navy
35, 35.jpg,46, L, Italian Tailored Fit Navy Stripe Suit, Navy
35, 35.jpg,48, L, Italian Tailored Fit Navy Stripe Suit, Navy
35, 35.jpg,50, L, Italian Tailored Fit Navy Stripe Suit, Navy
35, 35.jpg,52, L, Italian Tailored Fit Navy Stripe Suit, Navy
37, 37.jpg,34, S, Italian Tailored Fit Charcoal Twill Suit, Charcoal
37, 37.jpg,36, S, Italian Tailored Fit Charcoal Twill Suit, Charcoal
37, 37.jpg,38, S, Italian Tailored Fit Charcoal Twill Suit, Charcoal
37, 37.jpg,40, S, Italian Tailored Fit Charcoal Twill Suit, Charcoal
37, 37.jpg,42, S, Italian Tailored Fit Charcoal Twill Suit, Charcoal
37, 37.jpg,44, S, Italian Tailored Fit Charcoal Twill Suit, Charcoal
37, 37.jpg,46, S, Italian Tailored Fit Charcoal Twill Suit, Charcoal
37, 37.jpg,48, S, Italian Tailored Fit Charcoal Twill Suit, Charcoal
37, 37.jpg,50, S, Italian Tailored Fit Charcoal Twill Suit, Charcoal
37, 37.jpg,52, S, Italian Tailored Fit Charcoal Twill Suit, Charcoal
37, 37.jpg,34, R, Italian Tailored Fit Charcoal Twill Suit, Charcoal
37, 37.jpg,36, R, Italian Tailored Fit Charcoal Twill Suit, Charcoal
37, 37.jpg,38, R, Italian Tailored Fit Charcoal Twill Suit, Charcoal
37, 37.jpg,40, R, Italian Tailored Fit Charcoal Twill Suit, Charcoal
37, 37.jpg,42, R, Italian Tailored Fit Charcoal Twill Suit, Charcoal
37, 37.jpg,44, R, Italian Tailored Fit Charcoal Twill Suit, Charcoal
37, 37.jpg,46, R, Italian Tailored Fit Charcoal Twill Suit, Charcoal
37, 37.jpg,48, R, Italian Tailored Fit Charcoal Twill Suit, Charcoal
37, 37.jpg,50, R, Italian Tailored Fit Charcoal Twill Suit, Charcoal
37, 37.jpg,52, R, Italian Tailored Fit Charcoal Twill Suit, Charcoal
37, 37.jpg,34, L, Italian Tailored Fit Charcoal Twill Suit, Charcoal
37, 37.jpg,36, L, Italian Tailored Fit Charcoal Twill Suit, Charcoal
37, 37.jpg,38, L, Italian Tailored Fit Charcoal Twill Suit, Charcoal
37, 37.jpg,40, L, Italian Tailored Fit Charcoal Twill Suit, Charcoal
37, 37.jpg,42, L, Italian Tailored Fit Charcoal Twill Suit, Charcoal
37, 37.jpg,44, L, Italian Tailored Fit Charcoal Twill Suit, Charcoal
37, 37.jpg,46, L, Italian Tailored Fit Charcoal Twill Suit, Charcoal
37, 37.jpg,48, L, Italian Tailored Fit Charcoal Twill Suit, Charcoal
37, 37.jpg,50, L, Italian Tailored Fit Charcoal Twill Suit, Charcoal
37, 37.jpg,52, L, Italian Tailored Fit Charcoal Twill Suit, Charcoal
39, 39.jpg,34, S, Italian Tailored Fit Navy Check Suit, Navy
39, 39.jpg,36, S, Italian Tailored Fit Navy Check Suit, Navy
39, 39.jpg,38, S, Italian Tailored Fit Navy Check Suit, Navy
39, 39.jpg,40, S, Italian Tailored Fit Navy Check Suit, Navy
39, 39.jpg,42, S, Italian Tailored Fit Navy Check Suit, Navy
39, 39.jpg,44, S, Italian Tailored Fit Navy Check Suit, Navy
39, 39.jpg,46, S, Italian Tailored Fit Navy Check Suit, Navy
39, 39.jpg,48, S, Italian Tailored Fit Navy Check Suit, Navy
39, 39.jpg,50, S, Italian Tailored Fit Navy Check Suit, Navy
39, 39.jpg,52, S, Italian Tailored Fit Navy Check Suit, Navy
39, 39.jpg,34, R, Italian Tailored Fit Navy Check Suit, Navy
39, 39.jpg,36, R, Italian Tailored Fit Navy Check Suit, Navy
39, 39.jpg,38, R, Italian Tailored Fit Navy Check Suit, Navy
39, 39.jpg,40, R, Italian Tailored Fit Navy Check Suit, Navy
39, 39.jpg,42, R, Italian Tailored Fit Navy Check Suit, Navy
39, 39.jpg,44, R, Italian Tailored Fit Navy Check Suit, Navy
39, 39.jpg,46, R, Italian Tailored Fit Navy Check Suit, Navy
39, 39.jpg,48, R, Italian Tailored Fit Navy Check Suit, Navy
39, 39.jpg,50, R, Italian Tailored Fit Navy Check Suit, Navy
39, 39.jpg,52, R, Italian Tailored Fit Navy Check Suit, Navy
39, 39.jpg,34, L, Italian Tailored Fit Navy Check Suit, Navy
39, 39.jpg,36, L, Italian Tailored Fit Navy Check Suit, Navy
39, 39.jpg,38, L, Italian Tailored Fit Navy Check Suit, Navy
39, 39.jpg,40, L, Italian Tailored Fit Navy Check Suit, Navy
39, 39.jpg,42, L, Italian Tailored Fit Navy Check Suit, Navy
39, 39.jpg,44, L, Italian Tailored Fit Navy Check Suit, Navy
39, 39.jpg,46, L, Italian Tailored Fit Navy Check Suit, Navy
39, 39.jpg,48, L, Italian Tailored Fit Navy Check Suit, Navy
39, 39.jpg,50, L, Italian Tailored Fit Navy Check Suit, Navy
39, 39.jpg,52, L, Italian Tailored Fit Navy Check Suit, Navy
41, 41.jpg,34, S, Slim Fit Khaki Donegal Tweed Suit, Khaki
41, 41.jpg,36, S, Slim Fit Khaki Donegal Tweed Suit, Khaki
41, 41.jpg,38, S, Slim Fit Khaki Donegal Tweed Suit, Khaki
41, 41.jpg,40, S, Slim Fit Khaki Donegal Tweed Suit, Khaki
41, 41.jpg,42, S, Slim Fit Khaki Donegal Tweed Suit, Khaki
41, 41.jpg,44, S, Slim Fit Khaki Donegal Tweed Suit, Khaki
41, 41.jpg,46, S, Slim Fit Khaki Donegal Tweed Suit, Khaki
41, 41.jpg,48, S, Slim Fit Khaki Donegal Tweed Suit, Khaki
41, 41.jpg,50, S, Slim Fit Khaki Donegal Tweed Suit, Khaki
41, 41.jpg,52, S, Slim Fit Khaki Donegal Tweed Suit, Khaki
41, 41.jpg,34, R, Slim Fit Khaki Donegal Tweed Suit, Khaki
41, 41.jpg,36, R, Slim Fit Khaki Donegal Tweed Suit, Khaki
41, 41.jpg,38, R, Slim Fit Khaki Donegal Tweed Suit, Khaki
41, 41.jpg,40, R, Slim Fit Khaki Donegal Tweed Suit, Khaki
41, 41.jpg,42, R, Slim Fit Khaki Donegal Tweed Suit, Khaki
41, 41.jpg,44, R, Slim Fit Khaki Donegal Tweed Suit, Khaki
41, 41.jpg,46, R, Slim Fit Khaki Donegal Tweed Suit, Khaki
41, 41.jpg,48, R, Slim Fit Khaki Donegal Tweed Suit, Khaki
41, 41.jpg,50, R, Slim Fit Khaki Donegal Tweed Suit, Khaki
41, 41.jpg,52, R, Slim Fit Khaki Donegal Tweed Suit, Khaki
41, 41.jpg,34, L, Slim Fit Khaki Donegal Tweed Suit, Khaki
41, 41.jpg,36, L, Slim Fit Khaki Donegal Tweed Suit, Khaki
41, 41.jpg,38, L, Slim Fit Khaki Donegal Tweed Suit, Khaki
41, 41.jpg,40, L, Slim Fit Khaki Donegal Tweed Suit, Khaki
41, 41.jpg,42, L, Slim Fit Khaki Donegal Tweed Suit, Khaki
41, 41.jpg,44, L, Slim Fit Khaki Donegal Tweed Suit, Khaki
41, 41.jpg,46, L, Slim Fit Khaki Donegal Tweed Suit, Khaki
41, 41.jpg,48, L, Slim Fit Khaki Donegal Tweed Suit, Khaki
41, 41.jpg,50, L, Slim Fit Khaki Donegal Tweed Suit, Khaki
41, 41.jpg,52, L, Slim Fit Khaki Donegal Tweed Suit, Khaki
43, 43.jpg,34, S, Slim Fit Dark Teal Flannel Suit, Dark Teal
43, 43.jpg,36, S, Slim Fit Dark Teal Flannel Suit, Dark Teal
43, 43.jpg,38, S, Slim Fit Dark Teal Flannel Suit, Dark Teal
43, 43.jpg,40, S, Slim Fit Dark Teal Flannel Suit, Dark Teal
43, 43.jpg,42, S, Slim Fit Dark Teal Flannel Suit, Dark Teal
43, 43.jpg,44, S, Slim Fit Dark Teal Flannel Suit, Dark Teal
43, 43.jpg,46, S, Slim Fit Dark Teal Flannel Suit, Dark Teal
43, 43.jpg,48, S, Slim Fit Dark Teal Flannel Suit, Dark Teal
43, 43.jpg,50, S, Slim Fit Dark Teal Flannel Suit, Dark Teal
43, 43.jpg,52, S, Slim Fit Dark Teal Flannel Suit, Dark Teal
43, 43.jpg,34, R, Slim Fit Dark Teal Flannel Suit, Dark Teal
43, 43.jpg,36, R, Slim Fit Dark Teal Flannel Suit, Dark Teal
43, 43.jpg,38, R, Slim Fit Dark Teal Flannel Suit, Dark Teal
43, 43.jpg,40, R, Slim Fit Dark Teal Flannel Suit, Dark Teal
43, 43.jpg,42, R, Slim Fit Dark Teal Flannel Suit, Dark Teal
43, 43.jpg,44, R, Slim Fit Dark Teal Flannel Suit, Dark Teal
43, 43.jpg,46, R, Slim Fit Dark Teal Flannel Suit, Dark Teal
43, 43.jpg,48, R, Slim Fit Dark Teal Flannel Suit, Dark Teal
43, 43.jpg,50, R, Slim Fit Dark Teal Flannel Suit, Dark Teal
43, 43.jpg,52, R, Slim Fit Dark Teal Flannel Suit, Dark Teal
43, 43.jpg,34, L, Slim Fit Dark Teal Flannel Suit, Dark Teal
43, 43.jpg,36, L, Slim Fit Dark Teal Flannel Suit, Dark Teal
43, 43.jpg,38, L, Slim Fit Dark Teal Flannel Suit, Dark Teal
43, 43.jpg,40, L, Slim Fit Dark Teal Flannel Suit, Dark Teal
43, 43.jpg,42, L, Slim Fit Dark Teal Flannel Suit, Dark Teal
43, 43.jpg,44, L, Slim Fit Dark Teal Flannel Suit, Dark Teal
43, 43.jpg,46, L, Slim Fit Dark Teal Flannel Suit, Dark Teal
43, 43.jpg,48, L, Slim Fit Dark Teal Flannel Suit, Dark Teal
43, 43.jpg,50, L, Slim Fit Dark Teal Flannel Suit, Dark Teal
43, 43.jpg,52, L, Slim Fit Dark Teal Flannel Suit, Dark Teal
45, 45.jpg,34, S, Tailored Fit Black Performance Suit, Black
45, 45.jpg,36, S, Tailored Fit Black Performance Suit, Black
45, 45.jpg,38, S, Tailored Fit Black Performance Suit, Black
45, 45.jpg,40, S, Tailored Fit Black Performance Suit, Black
45, 45.jpg,42, S, Tailored Fit Black Performance Suit, Black
45, 45.jpg,44, S, Tailored Fit Black Performance Suit, Black
45, 45.jpg,46, S, Tailored Fit Black Performance Suit, Black
45, 45.jpg,48, S, Tailored Fit Black Performance Suit, Black
45, 45.jpg,50, S, Tailored Fit Black Performance Suit, Black
45, 45.jpg,52, S, Tailored Fit Black Performance Suit, Black
45, 45.jpg,34, R, Tailored Fit Black Performance Suit, Black
45, 45.jpg,36, R, Tailored Fit Black Performance Suit, Black
45, 45.jpg,38, R, Tailored Fit Black Performance Suit, Black
45, 45.jpg,40, R, Tailored Fit Black Performance Suit, Black
45, 45.jpg,42, R, Tailored Fit Black Performance Suit, Black
45, 45.jpg,44, R, Tailored Fit Black Performance Suit, Black
45, 45.jpg,46, R, Tailored Fit Black Performance Suit, Black
45, 45.jpg,48, R, Tailored Fit Black Performance Suit, Black
45, 45.jpg,50, R, Tailored Fit Black Performance Suit, Black
45, 45.jpg,52, R, Tailored Fit Black Performance Suit, Black
45, 45.jpg,34, L, Tailored Fit Black Performance Suit, Black
45, 45.jpg,36, L, Tailored Fit Black Performance Suit, Black
45, 45.jpg,38, L, Tailored Fit Black Performance Suit, Black
45, 45.jpg,40, L, Tailored Fit Black Performance Suit, Black
45, 45.jpg,42, L, Tailored Fit Black Performance Suit, Black
45, 45.jpg,44, L, Tailored Fit Black Performance Suit, Black
45, 45.jpg,46, L, Tailored Fit Black Performance Suit, Black
45, 45.jpg,48, L, Tailored Fit Black Performance Suit, Black
45, 45.jpg,50, L, Tailored Fit Black Performance Suit, Black
45, 45.jpg,52, L, Tailored Fit Black Performance Suit, Black
47, 47.jpg,34, S, Slim Fit Neutral Suit, Neutral
47, 47.jpg,36, S, Slim Fit Neutral Suit, Neutral
47, 47.jpg,38, S, Slim Fit Neutral Suit, Neutral
47, 47.jpg,40, S, Slim Fit Neutral Suit, Neutral
47, 47.jpg,42, S, Slim Fit Neutral Suit, Neutral
47, 47.jpg,44, S, Slim Fit Neutral Suit, Neutral
47, 47.jpg,46, S, Slim Fit Neutral Suit, Neutral
47, 47.jpg,48, S, Slim Fit Neutral Suit, Neutral
47, 47.jpg,50, S, Slim Fit Neutral Suit, Neutral
47, 47.jpg,52, S, Slim Fit Neutral Suit, Neutral
47, 47.jpg,34, R, Slim Fit Neutral Suit, Neutral
47, 47.jpg,36, R, Slim Fit Neutral Suit, Neutral
47, 47.jpg,38, R, Slim Fit Neutral Suit, Neutral
47, 47.jpg,40, R, Slim Fit Neutral Suit, Neutral
47, 47.jpg,42, R, Slim Fit Neutral Suit, Neutral
47, 47.jpg,44, R, Slim Fit Neutral Suit, Neutral
47, 47.jpg,46, R, Slim Fit Neutral Suit, Neutral
47, 47.jpg,48, R, Slim Fit Neutral Suit, Neutral
47, 47.jpg,50, R, Slim Fit Neutral Suit, Neutral
47, 47.jpg,52, R, Slim Fit Neutral Suit, Neutral
47, 47.jpg,34, L, Slim Fit Neutral Suit, Neutral
47, 47.jpg,36, L, Slim Fit Neutral Suit, Neutral
47, 47.jpg,38, L, Slim Fit Neutral Suit, Neutral
47, 47.jpg,40, L, Slim Fit Neutral Suit, Neutral
47, 47.jpg,42, L, Slim Fit Neutral Suit, Neutral
47, 47.jpg,44, L, Slim Fit Neutral Suit, Neutral
47, 47.jpg,46, L, Slim Fit Neutral Suit, Neutral
47, 47.jpg,48, L, Slim Fit Neutral Suit, Neutral
47, 47.jpg,50, L, Slim Fit Neutral Suit, Neutral
47, 47.jpg,52, L, Slim Fit Neutral Suit, Neutral
49, 49.jpg,34, S, Italian Tailored Fit Navy Suit, Navy
49, 49.jpg,36, S, Italian Tailored Fit Navy Suit, Navy
49, 49.jpg,38, S, Italian Tailored Fit Navy Suit, Navy
49, 49.jpg,40, S, Italian Tailored Fit Navy Suit, Navy
49, 49.jpg,42, S, Italian Tailored Fit Navy Suit, Navy
49, 49.jpg,44, S, Italian Tailored Fit Navy Suit, Navy
49, 49.jpg,46, S, Italian Tailored Fit Navy Suit, Navy
49, 49.jpg,48, S, Italian Tailored Fit Navy Suit, Navy
49, 49.jpg,50, S, Italian Tailored Fit Navy Suit, Navy
49, 49.jpg,52, S, Italian Tailored Fit Navy Suit, Navy
49, 49.jpg,34, R, Italian Tailored Fit Navy Suit, Navy
49, 49.jpg,36, R, Italian Tailored Fit Navy Suit, Navy
49, 49.jpg,38, R, Italian Tailored Fit Navy Suit, Navy
49, 49.jpg,40, R, Italian Tailored Fit Navy Suit, Navy
49, 49.jpg,42, R, Italian Tailored Fit Navy Suit, Navy
49, 49.jpg,44, R, Italian Tailored Fit Navy Suit, Navy
49, 49.jpg,46, R, Italian Tailored Fit Navy Suit, Navy
49, 49.jpg,48, R, Italian Tailored Fit Navy Suit, Navy
49, 49.jpg,50, R, Italian Tailored Fit Navy Suit, Navy
49, 49.jpg,52, R, Italian Tailored Fit Navy Suit, Navy
49, 49.jpg,34, L, Italian Tailored Fit Navy Suit, Navy
49, 49.jpg,36, L, Italian Tailored Fit Navy Suit, Navy
49, 49.jpg,38, L, Italian Tailored Fit Navy Suit, Navy
49, 49.jpg,40, L, Italian Tailored Fit Navy Suit, Navy
49, 49.jpg,42, L, Italian Tailored Fit Navy Suit, Navy
49, 49.jpg,44, L, Italian Tailored Fit Navy Suit, Navy
49, 49.jpg,46, L, Italian Tailored Fit Navy Suit, Navy
49, 49.jpg,48, L, Italian Tailored Fit Navy Suit, Navy
49, 49.jpg,50, L, Italian Tailored Fit Navy Suit, Navy
49, 49.jpg,52, L, Italian Tailored Fit Navy Suit, Navy
2,2.jpg,34,S,Slim Fit Grey Pinstripe Double Breasted Two Piece Suit,Grey
2,2.jpg,34,R,Slim Fit Grey Pinstripe Double Breasted Two Piece Suit,Grey
2,2.jpg,34,L,Slim Fit Grey Pinstripe Double Breasted Two Piece Suit,Grey
2,2.jpg,36,S,Slim Fit Grey Pinstripe Double Breasted Two Piece Suit,Grey
2,2.jpg,36,R,Slim Fit Grey Pinstripe Double Breasted Two Piece Suit,Grey
2,2.jpg,36,L,Slim Fit Grey Pinstripe Double Breasted Two Piece Suit,Grey
2,2.jpg,38,S,Slim Fit Grey Pinstripe Double Breasted Two Piece Suit,Grey
2,2.jpg,38,R,Slim Fit Grey Pinstripe Double Breasted Two Piece Suit,Grey
2,2.jpg,38,L,Slim Fit Grey Pinstripe Double Breasted Two Piece Suit,Grey
2,2.jpg,40,S,Slim Fit Grey Pinstripe Double Breasted Two Piece Suit,Grey
2,2.jpg,40,R,Slim Fit Grey Pinstripe Double Breasted Two Piece Suit,Grey
2,2.jpg,40,L,Slim Fit Grey Pinstripe Double Breasted Two Piece Suit,Grey
2,2.jpg,42,S,Slim Fit Grey Pinstripe Double Breasted Two Piece Suit,Grey
2,2.jpg,42,R,Slim Fit Grey Pinstripe Double Breasted Two Piece Suit,Grey
2,2.jpg,42,L,Slim Fit Grey Pinstripe Double Breasted Two Piece Suit,Grey
2,2.jpg,44,S,Slim Fit Grey Pinstripe Double Breasted Two Piece Suit,Grey
2,2.jpg,44,R,Slim Fit Grey Pinstripe Double Breasted Two Piece Suit,Grey
2,2.jpg,44,L,Slim Fit Grey Pinstripe Double Breasted Two Piece Suit,Grey
2,2.jpg,46,S,Slim Fit Grey Pinstripe Double Breasted Two Piece Suit,Grey
2,2.jpg,46,R,Slim Fit Grey Pinstripe Double Breasted Two Piece Suit,Grey
2,2.jpg,46,L,Slim Fit Grey Pinstripe Double Breasted Two Piece Suit,Grey
4,4.jpg,34,S,Tailored Fit Black Three Piece Tuxedo,Black
4,4.jpg,34,R,Tailored Fit Black Three Piece Tuxedo,Black
4,4.jpg,34,L,Tailored Fit Black Three Piece Tuxedo,Black
4,4.jpg,36,S,Tailored Fit Black Three Piece Tuxedo,Black
4,4.jpg,36,R,Tailored Fit Black Three Piece Tuxedo,Black
4,4.jpg,36,L,Tailored Fit Black Three Piece Tuxedo,Black
4,4.jpg,38,S,Tailored Fit Black Three Piece Tuxedo,Black
4,4.jpg,38,R,Tailored Fit Black Three Piece Tuxedo,Black
4,4.jpg,38,L,Tailored Fit Black Three Piece Tuxedo,Black
4,4.jpg,40,S,Tailored Fit Black Three Piece Tuxedo,Black
4,4.jpg,40,R,Tailored Fit Black Three Piece Tuxedo,Black
4,4.jpg,40,L,Tailored Fit Black Three Piece Tuxedo,Black
4,4.jpg,42,S,Tailored Fit Black Three Piece Tuxedo,Black
4,4.jpg,42,R,Tailored Fit Black Three Piece Tuxedo,Black
4,4.jpg,42,L,Tailored Fit Black Three Piece Tuxedo,Black
4,4.jpg,44,S,Tailored Fit Black Three Piece Tuxedo,Black
4,4.jpg,44,R,Tailored Fit Black Three Piece Tuxedo,Black
4,4.jpg,44,L,Tailored Fit Black Three Piece Tuxedo,Black
4,4.jpg,46,S,Tailored Fit Black Three Piece Tuxedo,Black
4,4.jpg,46,R,Tailored Fit Black Three Piece Tuxedo,Black
4,4.jpg,46,L,Tailored Fit Black Three Piece Tuxedo,Black
4,4.jpg,48,S,Tailored Fit Black Three Piece Tuxedo,Black
4,4.jpg,48,R,Tailored Fit Black Three Piece Tuxedo,Black
4,4.jpg,48,L,Tailored Fit Black Three Piece Tuxedo,Black
4,4.jpg,50,S,Tailored Fit Black Three Piece Tuxedo,Black
4,4.jpg,50,R,Tailored Fit Black Three Piece Tuxedo,Black
4,4.jpg,50,L,Tailored Fit Black Three Piece Tuxedo,Black
4,4.jpg,52,S,Tailored Fit Black Three Piece Tuxedo,Black
4,4.jpg,52,R,Tailored Fit Black Three Piece Tuxedo,Black
4,4.jpg,52,L,Tailored Fit Black Three Piece Tuxedo,Black
6,6.jpg,38,S,Tailored Fit Green Check Tweed Three Piece Suit,Green
6,6.jpg,38,R,Tailored Fit Green Check Tweed Three Piece Suit,Green
6,6.jpg,38,L,Tailored Fit Green Check Tweed Three Piece Suit,Green
6,6.jpg,40,S,Tailored Fit Green Check Tweed Three Piece Suit,Green
6,6.jpg,40,R,Tailored Fit Green Check Tweed Three Piece Suit,Green
6,6.jpg,40,L,Tailored Fit Green Check Tweed Three Piece Suit,Green
6,6.jpg,42,S,Tailored Fit Green Check Tweed Three Piece Suit,Green
6,6.jpg,42,R,Tailored Fit Green Check Tweed Three Piece Suit,Green
6,6.jpg,42,L,Tailored Fit Green Check Tweed Three Piece Suit,Green
6,6.jpg,44,S,Tailored Fit Green Check Tweed Three Piece Suit,Green
6,6.jpg,44,R,Tailored Fit Green Check Tweed Three Piece Suit,Green
6,6.jpg,44,L,Tailored Fit Green Check Tweed Three Piece Suit,Green
6,6.jpg,46,S,Tailored Fit Green Check Tweed Three Piece Suit,Green
6,6.jpg,46,R,Tailored Fit Green Check Tweed Three Piece Suit,Green
6,6.jpg,46,L,Tailored Fit Green Check Tweed Three Piece Suit,Green
6,6.jpg,48,S,Tailored Fit Green Check Tweed Three Piece Suit,Green
6,6.jpg,48,R,Tailored Fit Green Check Tweed Three Piece Suit,Green
6,6.jpg,48,L,Tailored Fit Green Check Tweed Three Piece Suit,Green
6,6.jpg,50,S,Tailored Fit Green Check Tweed Three Piece Suit,Green
6,6.jpg,50,R,Tailored Fit Green Check Tweed Three Piece Suit,Green
6,6.jpg,50,L,Tailored Fit Green Check Tweed Three Piece Suit,Green
6,6.jpg,52,S,Tailored Fit Green Check Tweed Three Piece Suit,Green
6,6.jpg,52,R,Tailored Fit Green Check Tweed Three Piece Suit,Green
6,6.jpg,52,L,Tailored Fit Green Check Tweed Three Piece Suit,Green
8,8.jpg,34,S,Slim Fit Navy Plain Three Piece Suit,Navy
8,8.jpg,34,R,Slim Fit Navy Plain Three Piece Suit,Navy
8,8.jpg,34,L,Slim Fit Navy Plain Three Piece Suit,Navy
8,8.jpg,36,S,Slim Fit Navy Plain Three Piece Suit,Navy
8,8.jpg,36,R,Slim Fit Navy Plain Three Piece Suit,Navy
8,8.jpg,36,L,Slim Fit Navy Plain Three Piece Suit,Navy
8,8.jpg,38,S,Slim Fit Navy Plain Three Piece Suit,Navy
8,8.jpg,38,R,Slim Fit Navy Plain Three Piece Suit,Navy
8,8.jpg,38,L,Slim Fit Navy Plain Three Piece Suit,Navy
8,8.jpg,40,S,Slim Fit Navy Plain Three Piece Suit,Navy
8,8.jpg,40,R,Slim Fit Navy Plain Three Piece Suit,Navy
8,8.jpg,40,L,Slim Fit Navy Plain Three Piece Suit,Navy
8,8.jpg,42,S,Slim Fit Navy Plain Three Piece Suit,Navy
8,8.jpg,42,R,Slim Fit Navy Plain Three Piece Suit,Navy
8,8.jpg,42,L,Slim Fit Navy Plain Three Piece Suit,Navy
8,8.jpg,44,S,Slim Fit Navy Plain Three Piece Suit,Navy
8,8.jpg,44,R,Slim Fit Navy Plain Three Piece Suit,Navy
8,8.jpg,44,L,Slim Fit Navy Plain Three Piece Suit,Navy
8,8.jpg,46,S,Slim Fit Navy Plain Three Piece Suit,Navy
8,8.jpg,46,R,Slim Fit Navy Plain Three Piece Suit,Navy
8,8.jpg,46,L,Slim Fit Navy Plain Three Piece Suit,Navy
8,8.jpg,48,S,Slim Fit Navy Plain Three Piece Suit,Navy
8,8.jpg,48,R,Slim Fit Navy Plain Three Piece Suit,Navy
8,8.jpg,48,L,Slim Fit Navy Plain Three Piece Suit,Navy
8,8.jpg,50,S,Slim Fit Navy Plain Three Piece Suit,Navy
8,8.jpg,50,R,Slim Fit Navy Plain Three Piece Suit,Navy
8,8.jpg,50,L,Slim Fit Navy Plain Three Piece Suit,Navy
10,10.jpg,34,S,Slim Fit Black Plain Three Piece Suit,Black
10,10.jpg,34,R,Slim Fit Black Plain Three Piece Suit,Black
10,10.jpg,34,L,Slim Fit Black Plain Three Piece Suit,Black
10,10.jpg,36,S,Slim Fit Black Plain Three Piece Suit,Black
10,10.jpg,36,R,Slim Fit Black Plain Three Piece Suit,Black
10,10.jpg,36,L,Slim Fit Black Plain Three Piece Suit,Black
10,10.jpg,38,S,Slim Fit Black Plain Three Piece Suit,Black
10,10.jpg,38,R,Slim Fit Black Plain Three Piece Suit,Black
10,10.jpg,38,L,Slim Fit Black Plain Three Piece Suit,Black
10,10.jpg,40,S,Slim Fit Black Plain Three Piece Suit,Black
10,10.jpg,40,R,Slim Fit Black Plain Three Piece Suit,Black
10,10.jpg,40,L,Slim Fit Black Plain Three Piece Suit,Black
10,10.jpg,42,S,Slim Fit Black Plain Three Piece Suit,Black
10,10.jpg,42,R,Slim Fit Black Plain Three Piece Suit,Black
10,10.jpg,42,L,Slim Fit Black Plain Three Piece Suit,Black
10,10.jpg,44,S,Slim Fit Black Plain Three Piece Suit,Black
10,10.jpg,44,R,Slim Fit Black Plain Three Piece Suit,Black
10,10.jpg,44,L,Slim Fit Black Plain Three Piece Suit,Black
10,10.jpg,46,S,Slim Fit Black Plain Three Piece Suit,Black
10,10.jpg,46,R,Slim Fit Black Plain Three Piece Suit,Black
10,10.jpg,46,L,Slim Fit Black Plain Three Piece Suit,Black
10,10.jpg,48,S,Slim Fit Black Plain Three Piece Suit,Black
10,10.jpg,48,R,Slim Fit Black Plain Three Piece Suit,Black
10,10.jpg,48,L,Slim Fit Black Plain Three Piece Suit,Black
10,10.jpg,50,S,Slim Fit Black Plain Three Piece Suit,Black
10,10.jpg,50,R,Slim Fit Black Plain Three Piece Suit,Black
10,10.jpg,50,L,Slim Fit Black Plain Three Piece Suit,Black
12,12.jpg,36,S,Tailored Fit Navy Tweed Three Piece Suit,Navy
12,12.jpg,36,R,Tailored Fit Navy Tweed Three Piece Suit,Navy
12,12.jpg,36,L,Tailored Fit Navy Tweed Three Piece Suit,Navy
12,12.jpg,38,S,Tailored Fit Navy Tweed Three Piece Suit,Navy
12,12.jpg,38,R,Tailored Fit Navy Tweed Three Piece Suit,Navy
12,12.jpg,38,L,Tailored Fit Navy Tweed Three Piece Suit,Navy
12,12.jpg,40,S,Tailored Fit Navy Tweed Three Piece Suit,Navy
12,12.jpg,40,R,Tailored Fit Navy Tweed Three Piece Suit,Navy
12,12.jpg,40,L,Tailored Fit Navy Tweed Three Piece Suit,Navy
12,12.jpg,42,S,Tailored Fit Navy Tweed Three Piece Suit,Navy
12,12.jpg,42,R,Tailored Fit Navy Tweed Three Piece Suit,Navy
12,12.jpg,42,L,Tailored Fit Navy Tweed Three Piece Suit,Navy
12,12.jpg,44,S,Tailored Fit Navy Tweed Three Piece Suit,Navy
12,12.jpg,44,R,Tailored Fit Navy Tweed Three Piece Suit,Navy
12,12.jpg,44,L,Tailored Fit Navy Tweed Three Piece Suit,Navy
12,12.jpg,46,S,Tailored Fit Navy Tweed Three Piece Suit,Navy
12,12.jpg,46,R,Tailored Fit Navy Tweed Three Piece Suit,Navy
12,12.jpg,46,L,Tailored Fit Navy Tweed Three Piece Suit,Navy
12,12.jpg,48,S,Tailored Fit Navy Tweed Three Piece Suit,Navy
12,12.jpg,48,R,Tailored Fit Navy Tweed Three Piece Suit,Navy
12,12.jpg,48,L,Tailored Fit Navy Tweed Three Piece Suit,Navy
12,12.jpg,50,S,Tailored Fit Navy Tweed Three Piece Suit,Navy
12,12.jpg,50,L,Tailored Fit Navy Tweed Three Piece Suit,Navy
12,12.jpg,52,S,Tailored Fit Navy Tweed Three Piece Suit,Navy
12,12.jpg,52,R,Tailored Fit Navy Tweed Three Piece Suit,Navy
12,12.jpg,52,L,Tailored Fit Navy Tweed Three Piece Suit,Navy
12,12.jpg,54,S,Tailored Fit Navy Tweed Three Piece Suit,Navy
12,12.jpg,54,R,Tailored Fit Navy Tweed Three Piece Suit,Navy
12,12.jpg,54,L,Tailored Fit Navy Tweed Three Piece Suit,Navy
12,12.jpg,56,S,Tailored Fit Navy Tweed Three Piece Suit,Navy
12,12.jpg,56,R,Tailored Fit Navy Tweed Three Piece Suit,Navy
14,14.jpg,36,S,Tailored Fit Brown Tweed Three Piece Suit,Brown
14,14.jpg,36,R,Tailored Fit Brown Tweed Three Piece Suit,Brown
14,14.jpg,36,L,Tailored Fit Brown Tweed Three Piece Suit,Brown
14,14.jpg,38,S,Tailored Fit Brown Tweed Three Piece Suit,Brown
14,14.jpg,38,R,Tailored Fit Brown Tweed Three Piece Suit,Brown
14,14.jpg,38,L,Tailored Fit Brown Tweed Three Piece Suit,Brown
14,14.jpg,40,S,Tailored Fit Brown Tweed Three Piece Suit,Brown
14,14.jpg,40,R,Tailored Fit Brown Tweed Three Piece Suit,Brown
14,14.jpg,40,L,Tailored Fit Brown Tweed Three Piece Suit,Brown
14,14.jpg,42,S,Tailored Fit Brown Tweed Three Piece Suit,Brown
14,14.jpg,42,R,Tailored Fit Brown Tweed Three Piece Suit,Brown
14,14.jpg,42,L,Tailored Fit Brown Tweed Three Piece Suit,Brown
14,14.jpg,44,S,Tailored Fit Brown Tweed Three Piece Suit,Brown
14,14.jpg,44,R,Tailored Fit Brown Tweed Three Piece Suit,Brown
14,14.jpg,44,L,Tailored Fit Brown Tweed Three Piece Suit,Brown
14,14.jpg,46,S,Tailored Fit Brown Tweed Three Piece Suit,Brown
14,14.jpg,46,R,Tailored Fit Brown Tweed Three Piece Suit,Brown
14,14.jpg,46,L,Tailored Fit Brown Tweed Three Piece Suit,Brown
14,14.jpg,48,S,Tailored Fit Brown Tweed Three Piece Suit,Brown
14,14.jpg,48,R,Tailored Fit Brown Tweed Three Piece Suit,Brown
14,14.jpg,48,L,Tailored Fit Brown Tweed Three Piece Suit,Brown
14,14.jpg,50,S,Tailored Fit Brown Tweed Three Piece Suit,Brown
14,14.jpg,50,R,Tailored Fit Brown Tweed Three Piece Suit,Brown
14,14.jpg,50,L,Tailored Fit Brown Tweed Three Piece Suit,Brown
14,14.jpg,52,S,Tailored Fit Brown Tweed Three Piece Suit,Brown
14,14.jpg,52,R,Tailored Fit Brown Tweed Three Piece Suit,Brown
14,14.jpg,52,L,Tailored Fit Brown Tweed Three Piece Suit,Brown
16,16.jpg,34,S,Tailored Fit Burgundy Flannel Double Breasted Two Piece Suit,Burgundy
16,16.jpg,34,R,Tailored Fit Burgundy Flannel Double Breasted Two Piece Suit,Burgundy
16,16.jpg,34,L,Tailored Fit Burgundy Flannel Double Breasted Two Piece Suit,Burgundy
16,16.jpg,36,S,Tailored Fit Burgundy Flannel Double Breasted Two Piece Suit,Burgundy
16,16.jpg,36,R,Tailored Fit Burgundy Flannel Double Breasted Two Piece Suit,Burgundy
16,16.jpg,36,L,Tailored Fit Burgundy Flannel Double Breasted Two Piece Suit,Burgundy
16,16.jpg,38,S,Tailored Fit Burgundy Flannel Double Breasted Two Piece Suit,Burgundy
16,16.jpg,38,R,Tailored Fit Burgundy Flannel Double Breasted Two Piece Suit,Burgundy
16,16.jpg,38,L,Tailored Fit Burgundy Flannel Double Breasted Two Piece Suit,Burgundy
16,16.jpg,40,S,Tailored Fit Burgundy Flannel Double Breasted Two Piece Suit,Burgundy
16,16.jpg,40,R,Tailored Fit Burgundy Flannel Double Breasted Two Piece Suit,Burgundy
16,16.jpg,40,L,Tailored Fit Burgundy Flannel Double Breasted Two Piece Suit,Burgundy
16,16.jpg,42,S,Tailored Fit Burgundy Flannel Double Breasted Two Piece Suit,Burgundy
16,16.jpg,42,R,Tailored Fit Burgundy Flannel Double Breasted Two Piece Suit,Burgundy
16,16.jpg,42,L,Tailored Fit Burgundy Flannel Double Breasted Two Piece Suit,Burgundy
16,16.jpg,44,S,Tailored Fit Burgundy Flannel Double Breasted Two Piece Suit,Burgundy
16,16.jpg,44,R,Tailored Fit Burgundy Flannel Double Breasted Two Piece Suit,Burgundy
16,16.jpg,44,L,Tailored Fit Burgundy Flannel Double Breasted Two Piece Suit,Burgundy
16,16.jpg,46,S,Tailored Fit Burgundy Flannel Double Breasted Two Piece Suit,Burgundy
16,16.jpg,46,R,Tailored Fit Burgundy Flannel Double Breasted Two Piece Suit,Burgundy
16,16.jpg,46,L,Tailored Fit Burgundy Flannel Double Breasted Two Piece Suit,Burgundy
18,18.jpg,34,S,Tailored Fit Tan Textured Double Breasted Two Piece Suit,Tan
18,18.jpg,34,R,Tailored Fit Tan Textured Double Breasted Two Piece Suit,Tan
18,18.jpg,34,L,Tailored Fit Tan Textured Double Breasted Two Piece Suit,Tan
18,18.jpg,36,S,Tailored Fit Tan Textured Double Breasted Two Piece Suit,Tan
18,18.jpg,36,R,Tailored Fit Tan Textured Double Breasted Two Piece Suit,Tan
18,18.jpg,36,L,Tailored Fit Tan Textured Double Breasted Two Piece Suit,Tan
18,18.jpg,38,S,Tailored Fit Tan Textured Double Breasted Two Piece Suit,Tan
18,18.jpg,38,R,Tailored Fit Tan Textured Double Breasted Two Piece Suit,Tan
18,18.jpg,38,L,Tailored Fit Tan Textured Double Breasted Two Piece Suit,Tan
18,18.jpg,40,S,Tailored Fit Tan Textured Double Breasted Two Piece Suit,Tan
18,18.jpg,40,R,Tailored Fit Tan Textured Double Breasted Two Piece Suit,Tan
18,18.jpg,40,L,Tailored Fit Tan Textured Double Breasted Two Piece Suit,Tan
18,18.jpg,42,S,Tailored Fit Tan Textured Double Breasted Two Piece Suit,Tan
18,18.jpg,42,R,Tailored Fit Tan Textured Double Breasted Two Piece Suit,Tan
18,18.jpg,42,L,Tailored Fit Tan Textured Double Breasted Two Piece Suit,Tan
18,18.jpg,44,S,Tailored Fit Tan Textured Double Breasted Two Piece Suit,Tan
18,18.jpg,44,R,Tailored Fit Tan Textured Double Breasted Two Piece Suit,Tan
18,18.jpg,44,L,Tailored Fit Tan Textured Double Breasted Two Piece Suit,Tan
18,18.jpg,46,S,Tailored Fit Tan Textured Double Breasted Two Piece Suit,Tan
18,18.jpg,46,R,Tailored Fit Tan Textured Double Breasted Two Piece Suit,Tan
18,18.jpg,46,L,Tailored Fit Tan Textured Double Breasted Two Piece Suit,Tan
20,20.jpg,36,S,Tailored Fit Black Plain Three Piece Suit,Black
20,20.jpg,36,R,Tailored Fit Black Plain Three Piece Suit,Black
20,20.jpg,36,L,Tailored Fit Black Plain Three Piece Suit,Black
20,20.jpg,38,S,Tailored Fit Black Plain Three Piece Suit,Black
20,20.jpg,38,R,Tailored Fit Black Plain Three Piece Suit,Black
20,20.jpg,38,L,Tailored Fit Black Plain Three Piece Suit,Black
20,20.jpg,40,S,Tailored Fit Black Plain Three Piece Suit,Black
20,20.jpg,40,R,Tailored Fit Black Plain Three Piece Suit,Black
20,20.jpg,40,L,Tailored Fit Black Plain Three Piece Suit,Black
20,20.jpg,42,S,Tailored Fit Black Plain Three Piece Suit,Black
20,20.jpg,42,R,Tailored Fit Black Plain Three Piece Suit,Black
20,20.jpg,42,L,Tailored Fit Black Plain Three Piece Suit,Black
20,20.jpg,44,S,Tailored Fit Black Plain Three Piece Suit,Black
20,20.jpg,44,R,Tailored Fit Black Plain Three Piece Suit,Black
20,20.jpg,44,L,Tailored Fit Black Plain Three Piece Suit,Black
20,20.jpg,48,S,Tailored Fit Black Plain Three Piece Suit,Black
20,20.jpg,48,R,Tailored Fit Black Plain Three Piece Suit,Black
20,20.jpg,48,L,Tailored Fit Black Plain Three Piece Suit,Black
20,20.jpg,52,S,Tailored Fit Black Plain Three Piece Suit,Black
20,20.jpg,52,R,Tailored Fit Black Plain Three Piece Suit,Black
20,20.jpg,52,L,Tailored Fit Black Plain Three Piece Suit,Black
20,20.jpg,54,S,Tailored Fit Black Plain Three Piece Suit,Black
20,20.jpg,54,R,Tailored Fit Black Plain Three Piece Suit,Black
20,20.jpg,54,L,Tailored Fit Black Plain Three Piece Suit,Black
20,20.jpg,56,S,Tailored Fit Black Plain Three Piece Suit,Black
20,20.jpg,56,R,Tailored Fit Black Plain Three Piece Suit,Black
20,20.jpg,56,L,Tailored Fit Black Plain Three Piece Suit,Black
20,20.jpg,58,S,Tailored Fit Black Plain Three Piece Suit,Black
20,20.jpg,58,R,Tailored Fit Black Plain Three Piece Suit,Black
20,20.jpg,58,L,Tailored Fit Black Plain Three Piece Suit,Black
20,20.jpg,60,S,Tailored Fit Black Plain Three Piece Suit,Black
20,20.jpg,60,R,Tailored Fit Black Plain Three Piece Suit,Black
20,20.jpg,60,L,Tailored Fit Black Plain Three Piece Suit,Black
22,22.jpg,34,S,Slim Fit Grey Plain Three Piece Suit,Beige
22,22.jpg,34,R,Slim Fit Grey Plain Three Piece Suit,Beige
22,22.jpg,34,L,Slim Fit Grey Plain Three Piece Suit,Beige
22,22.jpg,36,S,Slim Fit Grey Plain Three Piece Suit,Beige
22,22.jpg,36,R,Slim Fit Grey Plain Three Piece Suit,Beige
22,22.jpg,36,L,Slim Fit Grey Plain Three Piece Suit,Beige
22,22.jpg,38,S,Slim Fit Grey Plain Three Piece Suit,Beige
22,22.jpg,38,R,Slim Fit Grey Plain Three Piece Suit,Beige
22,22.jpg,38,L,Slim Fit Grey Plain Three Piece Suit,Beige
22,22.jpg,40,S,Slim Fit Grey Plain Three Piece Suit,Beige
22,22.jpg,40,R,Slim Fit Grey Plain Three Piece Suit,Beige
22,22.jpg,40,L,Slim Fit Grey Plain Three Piece Suit,Beige
22,22.jpg,42,S,Slim Fit Grey Plain Three Piece Suit,Beige
22,22.jpg,42,R,Slim Fit Grey Plain Three Piece Suit,Beige
22,22.jpg,42,L,Slim Fit Grey Plain Three Piece Suit,Beige
22,22.jpg,44,S,Slim Fit Grey Plain Three Piece Suit,Beige
22,22.jpg,44,R,Slim Fit Grey Plain Three Piece Suit,Beige
22,22.jpg,44,L,Slim Fit Grey Plain Three Piece Suit,Beige
22,22.jpg,46,S,Slim Fit Grey Plain Three Piece Suit,Beige
22,22.jpg,46,R,Slim Fit Grey Plain Three Piece Suit,Beige
22,22.jpg,46,L,Slim Fit Grey Plain Three Piece Suit,Beige
22,22.jpg,48,S,Slim Fit Grey Plain Three Piece Suit,Beige
22,22.jpg,48,R,Slim Fit Grey Plain Three Piece Suit,Beige
22,22.jpg,48,L,Slim Fit Grey Plain Three Piece Suit,Beige
22,22.jpg,50,S,Slim Fit Grey Plain Three Piece Suit,Beige
22,22.jpg,50,R,Slim Fit Grey Plain Three Piece Suit,Beige
22,22.jpg,50,L,Slim Fit Grey Plain Three Piece Suit,Beige
22,22.jpg,52,S,Slim Fit Grey Plain Three Piece Suit,Beige
22,22.jpg,52,R,Slim Fit Grey Plain Three Piece Suit,Beige
22,22.jpg,52,L,Slim Fit Grey Plain Three Piece Suit,Beige
24,24.jpg,34,S,Slim Fit Charcoal Flannel Three Piece Suit,Charcoal
24,24.jpg,34,R,Slim Fit Charcoal Flannel Three Piece Suit,Charcoal
24,24.jpg,34,L,Slim Fit Charcoal Flannel Three Piece Suit,Charcoal
24,24.jpg,36,S,Slim Fit Charcoal Flannel Three Piece Suit,Charcoal
24,24.jpg,36,R,Slim Fit Charcoal Flannel Three Piece Suit,Charcoal
24,24.jpg,36,L,Slim Fit Charcoal Flannel Three Piece Suit,Charcoal
24,24.jpg,38,S,Slim Fit Charcoal Flannel Three Piece Suit,Charcoal
24,24.jpg,38,R,Slim Fit Charcoal Flannel Three Piece Suit,Charcoal
24,24.jpg,38,L,Slim Fit Charcoal Flannel Three Piece Suit,Charcoal
24,24.jpg,40,S,Slim Fit Charcoal Flannel Three Piece Suit,Charcoal
24,24.jpg,40,R,Slim Fit Charcoal Flannel Three Piece Suit,Charcoal
24,24.jpg,40,L,Slim Fit Charcoal Flannel Three Piece Suit,Charcoal
24,24.jpg,42,S,Slim Fit Charcoal Flannel Three Piece Suit,Charcoal
24,24.jpg,42,R,Slim Fit Charcoal Flannel Three Piece Suit,Charcoal
24,24.jpg,42,L,Slim Fit Charcoal Flannel Three Piece Suit,Charcoal
24,24.jpg,44,S,Slim Fit Charcoal Flannel Three Piece Suit,Charcoal
24,24.jpg,44,R,Slim Fit Charcoal Flannel Three Piece Suit,Charcoal
24,24.jpg,44,L,Slim Fit Charcoal Flannel Three Piece Suit,Charcoal
24,24.jpg,46,S,Slim Fit Charcoal Flannel Three Piece Suit,Charcoal
24,24.jpg,46,R,Slim Fit Charcoal Flannel Three Piece Suit,Charcoal
24,24.jpg,46,L,Slim Fit Charcoal Flannel Three Piece Suit,Charcoal
24,24.jpg,48,S,Slim Fit Charcoal Flannel Three Piece Suit,Charcoal
24,24.jpg,48,R,Slim Fit Charcoal Flannel Three Piece Suit,Charcoal
24,24.jpg,48,L,Slim Fit Charcoal Flannel Three Piece Suit,Charcoal
24,24.jpg,50,S,Slim Fit Charcoal Flannel Three Piece Suit,Charcoal
24,24.jpg,50,R,Slim Fit Charcoal Flannel Three Piece Suit,Charcoal
24,24.jpg,50,L,Slim Fit Charcoal Flannel Three Piece Suit,Charcoal
26,26.jpg,40,S,Slim Fit Navy Textured Three Piece Suit,Navy
26,26.jpg,40,R,Slim Fit Navy Textured Three Piece Suit,Navy
26,26.jpg,40,L,Slim Fit Navy Textured Three Piece Suit,Navy
26,26.jpg,42,S,Slim Fit Navy Textured Three Piece Suit,Navy
26,26.jpg,42,R,Slim Fit Navy Textured Three Piece Suit,Navy
26,26.jpg,42,L,Slim Fit Navy Textured Three Piece Suit,Navy
26,26.jpg,44,S,Slim Fit Navy Textured Three Piece Suit,Navy
26,26.jpg,44,R,Slim Fit Navy Textured Three Piece Suit,Navy
26,26.jpg,44,L,Slim Fit Navy Textured Three Piece Suit,Navy
26,26.jpg,46,S,Slim Fit Navy Textured Three Piece Suit,Navy
26,26.jpg,46,R,Slim Fit Navy Textured Three Piece Suit,Navy
26,26.jpg,46,L,Slim Fit Navy Textured Three Piece Suit,Navy
26,26.jpg,48,S,Slim Fit Navy Textured Three Piece Suit,Navy
26,26.jpg,48,R,Slim Fit Navy Textured Three Piece Suit,Navy
26,26.jpg,48,L,Slim Fit Navy Textured Three Piece Suit,Navy
26,26.jpg,50,S,Slim Fit Navy Textured Three Piece Suit,Navy
26,26.jpg,50,R,Slim Fit Navy Textured Three Piece Suit,Navy
26,26.jpg,50,L,Slim Fit Navy Textured Three Piece Suit,Navy
26,26.jpg,52,S,Slim Fit Navy Textured Three Piece Suit,Navy
26,26.jpg,52,R,Slim Fit Navy Textured Three Piece Suit,Navy
26,26.jpg,52,L,Slim Fit Navy Textured Three Piece Suit,Navy
28,28.jpg,36,S,Tailored Fit Green Plain Three Piece Suit,Green
28,28.jpg,36,R,Tailored Fit Green Plain Three Piece Suit,Green
28,28.jpg,36,L,Tailored Fit Green Plain Three Piece Suit,Green
28,28.jpg,38,S,Tailored Fit Green Plain Three Piece Suit,Green
28,28.jpg,38,R,Tailored Fit Green Plain Three Piece Suit,Green
28,28.jpg,38,L,Tailored Fit Green Plain Three Piece Suit,Green
28,28.jpg,40,S,Tailored Fit Green Plain Three Piece Suit,Green
28,28.jpg,40,R,Tailored Fit Green Plain Three Piece Suit,Green
28,28.jpg,40,L,Tailored Fit Green Plain Three Piece Suit,Green
28,28.jpg,42,S,Tailored Fit Green Plain Three Piece Suit,Green
28,28.jpg,42,R,Tailored Fit Green Plain Three Piece Suit,Green
28,28.jpg,42,L,Tailored Fit Green Plain Three Piece Suit,Green
28,28.jpg,44,S,Tailored Fit Green Plain Three Piece Suit,Green
28,28.jpg,44,R,Tailored Fit Green Plain Three Piece Suit,Green
28,28.jpg,44,L,Tailored Fit Green Plain Three Piece Suit,Green
28,28.jpg,46,S,Tailored Fit Green Plain Three Piece Suit,Green
28,28.jpg,46,R,Tailored Fit Green Plain Three Piece Suit,Green
28,28.jpg,46,L,Tailored Fit Green Plain Three Piece Suit,Green
28,28.jpg,48,S,Tailored Fit Green Plain Three Piece Suit,Green
28,28.jpg,48,R,Tailored Fit Green Plain Three Piece Suit,Green
28,28.jpg,48,L,Tailored Fit Green Plain Three Piece Suit,Green
28,28.jpg,50,S,Tailored Fit Green Plain Three Piece Suit,Green
28,28.jpg,50,R,Tailored Fit Green Plain Three Piece Suit,Green
28,28.jpg,50,L,Tailored Fit Green Plain Three Piece Suit,Green
30,30.jpg,36,S,Slim Fit Black Plain Double Breasted Two Piece Suit,Black
30,30.jpg,36,R,Slim Fit Black Plain Double Breasted Two Piece Suit,Black
30,30.jpg,36,L,Slim Fit Black Plain Double Breasted Two Piece Suit,Black
30,30.jpg,38,S,Slim Fit Black Plain Double Breasted Two Piece Suit,Black
30,30.jpg,38,R,Slim Fit Black Plain Double Breasted Two Piece Suit,Black
30,30.jpg,38,L,Slim Fit Black Plain Double Breasted Two Piece Suit,Black
30,30.jpg,40,S,Slim Fit Black Plain Double Breasted Two Piece Suit,Black
30,30.jpg,40,R,Slim Fit Black Plain Double Breasted Two Piece Suit,Black
30,30.jpg,40,L,Slim Fit Black Plain Double Breasted Two Piece Suit,Black
30,30.jpg,42,S,Slim Fit Black Plain Double Breasted Two Piece Suit,Black
30,30.jpg,42,R,Slim Fit Black Plain Double Breasted Two Piece Suit,Black
30,30.jpg,42,L,Slim Fit Black Plain Double Breasted Two Piece Suit,Black
30,30.jpg,44,S,Slim Fit Black Plain Double Breasted Two Piece Suit,Black
30,30.jpg,44,R,Slim Fit Black Plain Double Breasted Two Piece Suit,Black
30,30.jpg,44,L,Slim Fit Black Plain Double Breasted Two Piece Suit,Black
30,30.jpg,46,S,Slim Fit Black Plain Double Breasted Two Piece Suit,Black
30,30.jpg,46,R,Slim Fit Black Plain Double Breasted Two Piece Suit,Black
30,30.jpg,46,L,Slim Fit Black Plain Double Breasted Two Piece Suit,Black
30,30.jpg,48,S,Slim Fit Black Plain Double Breasted Two Piece Suit,Black
30,30.jpg,48,R,Slim Fit Black Plain Double Breasted Two Piece Suit,Black
30,30.jpg,48,L,Slim Fit Black Plain Double Breasted Two Piece Suit,Black
30,30.jpg,50,S,Slim Fit Black Plain Double Breasted Two Piece Suit,Black
30,30.jpg,50,R,Slim Fit Black Plain Double Breasted Two Piece Suit,Black
30,30.jpg,50,L,Slim Fit Black Plain Double Breasted Two Piece Suit,Black
32, 32.jpg,34, S, Relaxed Fit Black Plain Double Breasted Two Piece Suit, Black
32, 32.jpg,36, S, Relaxed Fit Black Plain Double Breasted Two Piece Suit, Black
32, 32.jpg,38, S, Relaxed Fit Black Plain Double Breasted Two Piece Suit, Black
32, 32.jpg,40, S, Relaxed Fit Black Plain Double Breasted Two Piece Suit, Black
32, 32.jpg,42, S, Relaxed Fit Black Plain Double Breasted Two Piece Suit, Black
32, 32.jpg,44, S, Relaxed Fit Black Plain Double Breasted Two Piece Suit, Black
32, 32.jpg,46, S, Relaxed Fit Black Plain Double Breasted Two Piece Suit, Black
32, 32.jpg,48, S, Relaxed Fit Black Plain Double Breasted Two Piece Suit, Black
32, 32.jpg,50, S, Relaxed Fit Black Plain Double Breasted Two Piece Suit, Black
32, 32.jpg,52, S, Relaxed Fit Black Plain Double Breasted Two Piece Suit, Black
32, 32.jpg,34, R, Relaxed Fit Black Plain Double Breasted Two Piece Suit, Black
32, 32.jpg,36, R, Relaxed Fit Black Plain Double Breasted Two Piece Suit, Black
32, 32.jpg,38, R, Relaxed Fit Black Plain Double Breasted Two Piece Suit, Black
32, 32.jpg,40, R, Relaxed Fit Black Plain Double Breasted Two Piece Suit, Black
32, 32.jpg,42, R, Relaxed Fit Black Plain Double Breasted Two Piece Suit, Black
32, 32.jpg,44, R, Relaxed Fit Black Plain Double Breasted Two Piece Suit, Black
32, 32.jpg,46, R, Relaxed Fit Black Plain Double Breasted Two Piece Suit, Black
32, 32.jpg,48, R, Relaxed Fit Black Plain Double Breasted Two Piece Suit, Black
32, 32.jpg,50, R, Relaxed Fit Black Plain Double Breasted Two Piece Suit, Black
32, 32.jpg,52, R, Relaxed Fit Black Plain Double Breasted Two Piece Suit, Black
32, 32.jpg,34, L, Relaxed Fit Black Plain Double Breasted Two Piece Suit, Black
32, 32.jpg,36, L, Relaxed Fit Black Plain Double Breasted Two Piece Suit, Black
32, 32.jpg,38, L, Relaxed Fit Black Plain Double Breasted Two Piece Suit, Black
32, 32.jpg,40, L, Relaxed Fit Black Plain Double Breasted Two Piece Suit, Black
32, 32.jpg,42, L, Relaxed Fit Black Plain Double Breasted Two Piece Suit, Black
32, 32.jpg,44, L, Relaxed Fit Black Plain Double Breasted Two Piece Suit, Black
32, 32.jpg,46, L, Relaxed Fit Black Plain Double Breasted Two Piece Suit, Black
32, 32.jpg,48, L, Relaxed Fit Black Plain Double Breasted Two Piece Suit, Black
32, 32.jpg,50, L, Relaxed Fit Black Plain Double Breasted Two Piece Suit, Black
32, 32.jpg,52, L, Relaxed Fit Black Plain Double Breasted Two Piece Suit, Black
34, 34.jpg,34, S, Slim Fit Navy Plain Three Piece Suit, Navy
34, 34.jpg,36, S, Slim Fit Navy Plain Three Piece Suit, Navy
34, 34.jpg,38, S, Slim Fit Navy Plain Three Piece Suit, Navy
34, 34.jpg,40, S, Slim Fit Navy Plain Three Piece Suit, Navy
34, 34.jpg,42, S, Slim Fit Navy Plain Three Piece Suit, Navy
34, 34.jpg,44, S, Slim Fit Navy Plain Three Piece Suit, Navy
34, 34.jpg,46, S, Slim Fit Navy Plain Three Piece Suit, Navy
34, 34.jpg,48, S, Slim Fit Navy Plain Three Piece Suit, Navy
34, 34.jpg,50, S, Slim Fit Navy Plain Three Piece Suit, Navy
34, 34.jpg,52, S, Slim Fit Navy Plain Three Piece Suit, Navy
34, 34.jpg,34, R, Slim Fit Navy Plain Three Piece Suit, Navy
34, 34.jpg,36, R, Slim Fit Navy Plain Three Piece Suit, Navy
34, 34.jpg,38, R, Slim Fit Navy Plain Three Piece Suit, Navy
34, 34.jpg,40, R, Slim Fit Navy Plain Three Piece Suit, Navy
34, 34.jpg,42, R, Slim Fit Navy Plain Three Piece Suit, Navy
34, 34.jpg,44, R, Slim Fit Navy Plain Three Piece Suit, Navy
34, 34.jpg,46, R, Slim Fit Navy Plain Three Piece Suit, Navy
34, 34.jpg,48, R, Slim Fit Navy Plain Three Piece Suit, Navy
34, 34.jpg,50, R, Slim Fit Navy Plain Three Piece Suit, Navy
34, 34.jpg,52, R, Slim Fit Navy Plain Three Piece Suit, Navy
34, 34.jpg,34, L, Slim Fit Navy Plain Three Piece Suit, Navy
34, 34.jpg,36, L, Slim Fit Navy Plain Three Piece Suit, Navy
34, 34.jpg,38, L, Slim Fit Navy Plain Three Piece Suit, Navy
34, 34.jpg,40, L, Slim Fit Navy Plain Three Piece Suit, Navy
34, 34.jpg,42, L, Slim Fit Navy Plain Three Piece Suit, Navy
34, 34.jpg,44, L, Slim Fit Navy Plain Three Piece Suit, Navy
34, 34.jpg,46, L, Slim Fit Navy Plain Three Piece Suit, Navy
34, 34.jpg,48, L, Slim Fit Navy Plain Three Piece Suit, Navy
34, 34.jpg,50, L, Slim Fit Navy Plain Three Piece Suit, Navy
34, 34.jpg,52, L, Slim Fit Navy Plain Three Piece Suit, Navy
36, 36.jpg,34, S, Slim Fit Light Grey Plain Flannel Double Breasted Two Piece Suit, Beige
36, 36.jpg,36, S, Slim Fit Light Grey Plain Flannel Double Breasted Two Piece Suit, Beige
36, 36.jpg,38, S, Slim Fit Light Grey Plain Flannel Double Breasted Two Piece Suit, Beige
36, 36.jpg,40, S, Slim Fit Light Grey Plain Flannel Double Breasted Two Piece Suit, Beige
36, 36.jpg,44, S, Slim Fit Light Grey Plain Flannel Double Breasted Two Piece Suit, Beige
36, 36.jpg,46, S, Slim Fit Light Grey Plain Flannel Double Breasted Two Piece Suit, Beige
36, 36.jpg,34, R, Slim Fit Light Grey Plain Flannel Double Breasted Two Piece Suit, Beige
36, 36.jpg,36, R, Slim Fit Light Grey Plain Flannel Double Breasted Two Piece Suit, Beige
36, 36.jpg,38, R, Slim Fit Light Grey Plain Flannel Double Breasted Two Piece Suit, Beige
36, 36.jpg,40, R, Slim Fit Light Grey Plain Flannel Double Breasted Two Piece Suit, Beige
36, 36.jpg,44, R, Slim Fit Light Grey Plain Flannel Double Breasted Two Piece Suit, Beige
36, 36.jpg,46, R, Slim Fit Light Grey Plain Flannel Double Breasted Two Piece Suit, Beige
36, 36.jpg,34, L, Slim Fit Light Grey Plain Flannel Double Breasted Two Piece Suit, Beige
36, 36.jpg,36, L, Slim Fit Light Grey Plain Flannel Double Breasted Two Piece Suit, Beige
36, 36.jpg,38, L, Slim Fit Light Grey Plain Flannel Double Breasted Two Piece Suit, Beige
36, 36.jpg,40, L, Slim Fit Light Grey Plain Flannel Double Breasted Two Piece Suit, Beige
36, 36.jpg,44, L, Slim Fit Light Grey Plain Flannel Double Breasted Two Piece Suit, Beige
36, 36.jpg,46, L, Slim Fit Light Grey Plain Flannel Double Breasted Two Piece Suit, Beige
38, 38.jpg,38, S, Slim Fit Black Three Piece Tuxedo, Black
38, 38.jpg,40, S, Slim Fit Black Three Piece Tuxedo, Black
38, 38.jpg,42, S, Slim Fit Black Three Piece Tuxedo, Black
38, 38.jpg,44, S, Slim Fit Black Three Piece Tuxedo, Black
38, 38.jpg,46, S, Slim Fit Black Three Piece Tuxedo, Black
38, 38.jpg,48, S, Slim Fit Black Three Piece Tuxedo, Black
38, 38.jpg,50, S, Slim Fit Black Three Piece Tuxedo, Black
38, 38.jpg,52, S, Slim Fit Black Three Piece Tuxedo, Black
38, 38.jpg,54, S, Slim Fit Black Three Piece Tuxedo, Black
38, 38.jpg,56, S, Slim Fit Black Three Piece Tuxedo, Black
38, 38.jpg,38, R, Slim Fit Black Three Piece Tuxedo, Black
38, 38.jpg,40, R, Slim Fit Black Three Piece Tuxedo, Black
38, 38.jpg,42, R, Slim Fit Black Three Piece Tuxedo, Black
38, 38.jpg,44, R, Slim Fit Black Three Piece Tuxedo, Black
38, 38.jpg,46, R, Slim Fit Black Three Piece Tuxedo, Black
38, 38.jpg,48, R, Slim Fit Black Three Piece Tuxedo, Black
38, 38.jpg,50, R, Slim Fit Black Three Piece Tuxedo, Black
38, 38.jpg,52, R, Slim Fit Black Three Piece Tuxedo, Black
38, 38.jpg,54, R, Slim Fit Black Three Piece Tuxedo, Black
38, 38.jpg,56, R, Slim Fit Black Three Piece Tuxedo, Black
38, 38.jpg,38, L, Slim Fit Black Three Piece Tuxedo, Black
38, 38.jpg,40, L, Slim Fit Black Three Piece Tuxedo, Black
38, 38.jpg,42, L, Slim Fit Black Three Piece Tuxedo, Black
38, 38.jpg,44, L, Slim Fit Black Three Piece Tuxedo, Black
38, 38.jpg,46, L, Slim Fit Black Three Piece Tuxedo, Black
38, 38.jpg,48, L, Slim Fit Black Three Piece Tuxedo, Black
38, 38.jpg,50, L, Slim Fit Black Three Piece Tuxedo, Black
38, 38.jpg,52, L, Slim Fit Black Three Piece Tuxedo, Black
38, 38.jpg,54, L, Slim Fit Black Three Piece Tuxedo, Black
38, 38.jpg,56, L, Slim Fit Black Three Piece Tuxedo, Black
40, 40.jpg,36, S, Tailored Fit Black Textured Three Piece Tuxedo, Black
40, 40.jpg,38, S, Tailored Fit Black Textured Three Piece Tuxedo, Black
40, 40.jpg,40, S, Tailored Fit Black Textured Three Piece Tuxedo, Black
40, 40.jpg,42, S, Tailored Fit Black Textured Three Piece Tuxedo, Black
40, 40.jpg,44, S, Tailored Fit Black Textured Three Piece Tuxedo, Black
40, 40.jpg,46, S, Tailored Fit Black Textured Three Piece Tuxedo, Black
40, 40.jpg,48, S, Tailored Fit Black Textured Three Piece Tuxedo, Black
40, 40.jpg,50, S, Tailored Fit Black Textured Three Piece Tuxedo, Black
40, 40.jpg,52, S, Tailored Fit Black Textured Three Piece Tuxedo, Black
40, 40.jpg,36, R, Tailored Fit Black Textured Three Piece Tuxedo, Black
40, 40.jpg,38, R, Tailored Fit Black Textured Three Piece Tuxedo, Black
40, 40.jpg,40, R, Tailored Fit Black Textured Three Piece Tuxedo, Black
40, 40.jpg,42, R, Tailored Fit Black Textured Three Piece Tuxedo, Black
40, 40.jpg,44, R, Tailored Fit Black Textured Three Piece Tuxedo, Black
40, 40.jpg,46, R, Tailored Fit Black Textured Three Piece Tuxedo, Black
40, 40.jpg,48, R, Tailored Fit Black Textured Three Piece Tuxedo, Black
40, 40.jpg,50, R, Tailored Fit Black Textured Three Piece Tuxedo, Black
40, 40.jpg,52, R, Tailored Fit Black Textured Three Piece Tuxedo, Black
40, 40.jpg,36, L, Tailored Fit Black Textured Three Piece Tuxedo, Black
40, 40.jpg,38, L, Tailored Fit Black Textured Three Piece Tuxedo, Black
40, 40.jpg,40, L, Tailored Fit Black Textured Three Piece Tuxedo, Black
40, 40.jpg,42, L, Tailored Fit Black Textured Three Piece Tuxedo, Black
40, 40.jpg,44, L, Tailored Fit Black Textured Three Piece Tuxedo, Black
40, 40.jpg,46, L, Tailored Fit Black Textured Three Piece Tuxedo, Black
40, 40.jpg,48, L, Tailored Fit Black Textured Three Piece Tuxedo, Black
40, 40.jpg,50, L, Tailored Fit Black Textured Three Piece Tuxedo, Black
40, 40.jpg,52, L, Tailored Fit Black Textured Three Piece Tuxedo, Black
42, 42.jpg,36, S, Tailored Fit Charcoal Plain Two Piece Suit, Charcoal
42, 42.jpg,38, S, Tailored Fit Charcoal Plain Two Piece Suit, Charcoal
42, 42.jpg,40, S, Tailored Fit Charcoal Plain Two Piece Suit, Charcoal
42, 42.jpg,42, S, Tailored Fit Charcoal Plain Two Piece Suit, Charcoal
42, 42.jpg,44, S, Tailored Fit Charcoal Plain Two Piece Suit, Charcoal
42, 42.jpg,46, S, Tailored Fit Charcoal Plain Two Piece Suit, Charcoal
42, 42.jpg,48, S, Tailored Fit Charcoal Plain Two Piece Suit, Charcoal
42, 42.jpg,50, S, Tailored Fit Charcoal Plain Two Piece Suit, Charcoal
42, 42.jpg,52, S, Tailored Fit Charcoal Plain Two Piece Suit, Charcoal
42, 42.jpg,54, S, Tailored Fit Charcoal Plain Two Piece Suit, Charcoal
42, 42.jpg,36, R, Tailored Fit Charcoal Plain Two Piece Suit, Charcoal
42, 42.jpg,38, R, Tailored Fit Charcoal Plain Two Piece Suit, Charcoal
42, 42.jpg,40, R, Tailored Fit Charcoal Plain Two Piece Suit, Charcoal
42, 42.jpg,42, R, Tailored Fit Charcoal Plain Two Piece Suit, Charcoal
42, 42.jpg,44, R, Tailored Fit Charcoal Plain Two Piece Suit, Charcoal
42, 42.jpg,46, R, Tailored Fit Charcoal Plain Two Piece Suit, Charcoal
42, 42.jpg,48, R, Tailored Fit Charcoal Plain Two Piece Suit, Charcoal
42, 42.jpg,50, R, Tailored Fit Charcoal Plain Two Piece Suit, Charcoal
42, 42.jpg,52, R, Tailored Fit Charcoal Plain Two Piece Suit, Charcoal
42, 42.jpg,54, R, Tailored Fit Charcoal Plain Two Piece Suit, Charcoal
42, 42.jpg,36, L, Tailored Fit Charcoal Plain Two Piece Suit, Charcoal
42, 42.jpg,38, L, Tailored Fit Charcoal Plain Two Piece Suit, Charcoal
42, 42.jpg,40, L, Tailored Fit Charcoal Plain Two Piece Suit, Charcoal
42, 42.jpg,42, L, Tailored Fit Charcoal Plain Two Piece Suit, Charcoal
42, 42.jpg,44, L, Tailored Fit Charcoal Plain Two Piece Suit, Charcoal
42, 42.jpg,46, L, Tailored Fit Charcoal Plain Two Piece Suit, Charcoal
42, 42.jpg,48, L, Tailored Fit Charcoal Plain Two Piece Suit, Charcoal
42, 42.jpg,50, L, Tailored Fit Charcoal Plain Two Piece Suit, Charcoal
42, 42.jpg,52, L, Tailored Fit Charcoal Plain Two Piece Suit, Charcoal
42, 42.jpg,54, L, Tailored Fit Charcoal Plain Two Piece Suit, Charcoal
44, 44.jpg,36, S, Tailored Fit Black Textured Three Piece Tuxedo, Black
44, 44.jpg,38, S, Tailored Fit Black Textured Three Piece Tuxedo, Black
44, 44.jpg,40, S, Tailored Fit Black Textured Three Piece Tuxedo, Black
44, 44.jpg,42, S, Tailored Fit Black Textured Three Piece Tuxedo, Black
44, 44.jpg,44, S, Tailored Fit Black Textured Three Piece Tuxedo, Black
44, 44.jpg,46, S, Tailored Fit Black Textured Three Piece Tuxedo, Black
44, 44.jpg,48, S, Tailored Fit Black Textured Three Piece Tuxedo, Black
44, 44.jpg,50, S, Tailored Fit Black Textured Three Piece Tuxedo, Black
44, 44.jpg,52, S, Tailored Fit Black Textured Three Piece Tuxedo, Black
44, 44.jpg,36, R, Tailored Fit Black Textured Three Piece Tuxedo, Black
44, 44.jpg,38, R, Tailored Fit Black Textured Three Piece Tuxedo, Black
44, 44.jpg,40, R, Tailored Fit Black Textured Three Piece Tuxedo, Black
44, 44.jpg,42, R, Tailored Fit Black Textured Three Piece Tuxedo, Black
44, 44.jpg,44, R, Tailored Fit Black Textured Three Piece Tuxedo, Black
44, 44.jpg,46, R, Tailored Fit Black Textured Three Piece Tuxedo, Black
44, 44.jpg,48, R, Tailored Fit Black Textured Three Piece Tuxedo, Black
44, 44.jpg,50, R, Tailored Fit Black Textured Three Piece Tuxedo, Black
44, 44.jpg,52, R, Tailored Fit Black Textured Three Piece Tuxedo, Black
44, 44.jpg,36, L, Tailored Fit Black Textured Three Piece Tuxedo, Black
44, 44.jpg,38, L, Tailored Fit Black Textured Three Piece Tuxedo, Black
44, 44.jpg,40, L, Tailored Fit Black Textured Three Piece Tuxedo, Black
44, 44.jpg,42, L, Tailored Fit Black Textured Three Piece Tuxedo, Black
44, 44.jpg,44, L, Tailored Fit Black Textured Three Piece Tuxedo, Black
44, 44.jpg,46, L, Tailored Fit Black Textured Three Piece Tuxedo, Black
44, 44.jpg,48, L, Tailored Fit Black Textured Three Piece Tuxedo, Black
44, 44.jpg,50, L, Tailored Fit Black Textured Three Piece Tuxedo, Black
44, 44.jpg,52, L, Tailored Fit Black Textured Three Piece Tuxedo, Black
46, 46.jpg,36, S, Tailored Fit Charcoal Plain Two Piece Suit, Charcoal
46, 46.jpg,38, S, Tailored Fit Charcoal Plain Two Piece Suit, Charcoal
46, 46.jpg,40, S, Tailored Fit Charcoal Plain Two Piece Suit, Charcoal
46, 46.jpg,42, S, Tailored Fit Charcoal Plain Two Piece Suit, Charcoal
46, 46.jpg,44, S, Tailored Fit Charcoal Plain Two Piece Suit, Charcoal
46, 46.jpg,46, S, Tailored Fit Charcoal Plain Two Piece Suit, Charcoal
46, 46.jpg,48, S, Tailored Fit Charcoal Plain Two Piece Suit, Charcoal
46, 46.jpg,50, S, Tailored Fit Charcoal Plain Two Piece Suit, Charcoal
46, 46.jpg,52, S, Tailored Fit Charcoal Plain Two Piece Suit, Charcoal
46, 46.jpg,54, S, Tailored Fit Charcoal Plain Two Piece Suit, Charcoal
46, 46.jpg,36, R, Tailored Fit Charcoal Plain Two Piece Suit, Charcoal
46, 46.jpg,38, R, Tailored Fit Charcoal Plain Two Piece Suit, Charcoal
46, 46.jpg,40, R, Tailored Fit Charcoal Plain Two Piece Suit, Charcoal
46, 46.jpg,42, R, Tailored Fit Charcoal Plain Two Piece Suit, Charcoal
46, 46.jpg,44, R, Tailored Fit Charcoal Plain Two Piece Suit, Charcoal
46, 46.jpg,46, R, Tailored Fit Charcoal Plain Two Piece Suit, Charcoal
46, 46.jpg,48, R, Tailored Fit Charcoal Plain Two Piece Suit, Charcoal
46, 46.jpg,50, R, Tailored Fit Charcoal Plain Two Piece Suit, Charcoal
46, 46.jpg,52, R, Tailored Fit Charcoal Plain Two Piece Suit, Charcoal
46, 46.jpg,54, R, Tailored Fit Charcoal Plain Two Piece Suit, Charcoal
46, 46.jpg,36, L, Tailored Fit Charcoal Plain Two Piece Suit, Charcoal
46, 46.jpg,38, L, Tailored Fit Charcoal Plain Two Piece Suit, Charcoal
46, 46.jpg,40, L, Tailored Fit Charcoal Plain Two Piece Suit, Charcoal
46, 46.jpg,42, L, Tailored Fit Charcoal Plain Two Piece Suit, Charcoal
46, 46.jpg,44, L, Tailored Fit Charcoal Plain Two Piece Suit, Charcoal
46, 46.jpg,46, L, Tailored Fit Charcoal Plain Two Piece Suit, Charcoal
46, 46.jpg,48, L, Tailored Fit Charcoal Plain Two Piece Suit, Charcoal
46, 46.jpg,50, L, Tailored Fit Charcoal Plain Two Piece Suit, Charcoal
46, 46.jpg,52, L, Tailored Fit Charcoal Plain Two Piece Suit, Charcoal
46, 46.jpg,54, L, Tailored Fit Charcoal Plain Two Piece Suit, Charcoal
48, 48.jpg,36, S, Regular Fit Black Two Piece Tuxedo, Black
48, 48.jpg,38, S, Regular Fit Black Two Piece Tuxedo, Black
48, 48.jpg,40, S, Regular Fit Black Two Piece Tuxedo, Black
48, 48.jpg,42, S, Regular Fit Black Two Piece Tuxedo, Black
48, 48.jpg,44, S, Regular Fit Black Two Piece Tuxedo, Black
48, 48.jpg,46, S, Regular Fit Black Two Piece Tuxedo, Black
48, 48.jpg,48, S, Regular Fit Black Two Piece Tuxedo, Black
48, 48.jpg,50, S, Regular Fit Black Two Piece Tuxedo, Black
48, 48.jpg,52, S, Regular Fit Black Two Piece Tuxedo, Black
48, 48.jpg,54, S, Regular Fit Black Two Piece Tuxedo, Black
48, 48.jpg,36, R, Regular Fit Black Two Piece Tuxedo, Black
48, 48.jpg,38, R, Regular Fit Black Two Piece Tuxedo, Black
48, 48.jpg,40, R, Regular Fit Black Two Piece Tuxedo, Black
48, 48.jpg,42, R, Regular Fit Black Two Piece Tuxedo, Black
48, 48.jpg,44, R, Regular Fit Black Two Piece Tuxedo, Black
48, 48.jpg,46, R, Regular Fit Black Two Piece Tuxedo, Black
48, 48.jpg,48, R, Regular Fit Black Two Piece Tuxedo, Black
48, 48.jpg,50, R, Regular Fit Black Two Piece Tuxedo, Black
48, 48.jpg,52, R, Regular Fit Black Two Piece Tuxedo, Black
48, 48.jpg,54, R, Regular Fit Black Two Piece Tuxedo, Black
48, 48.jpg,36, L, Regular Fit Black Two Piece Tuxedo, Black
48, 48.jpg,38, L, Regular Fit Black Two Piece Tuxedo, Black
48, 48.jpg,40, L, Regular Fit Black Two Piece Tuxedo, Black
48, 48.jpg,42, L, Regular Fit Black Two Piece Tuxedo, Black
48, 48.jpg,44, L, Regular Fit Black Two Piece Tuxedo, Black
48, 48.jpg,46, L, Regular Fit Black Two Piece Tuxedo, Black
48, 48.jpg,48, L, Regular Fit Black Two Piece Tuxedo, Black
48, 48.jpg,50, L, Regular Fit Black Two Piece Tuxedo, Black
48, 48.jpg,52, L, Regular Fit Black Two Piece Tuxedo, Black
48, 48.jpg,54, L, Regular Fit Black Two Piece Tuxedo, Black
50, 50.jpg,38, S, Tailored Fit Navy Textured Three Piece Tuxedo, Navy
50, 50.jpg,40, S, Tailored Fit Navy Textured Three Piece Tuxedo, Navy
50, 50.jpg,42, S, Tailored Fit Navy Textured Three Piece Tuxedo, Navy
50, 50.jpg,44, S, Tailored Fit Navy Textured Three Piece Tuxedo, Navy
50, 50.jpg,46, S, Tailored Fit Navy Textured Three Piece Tuxedo, Navy
50, 50.jpg,48, S, Tailored Fit Navy Textured Three Piece Tuxedo, Navy
50, 50.jpg,50, S, Tailored Fit Navy Textured Three Piece Tuxedo, Navy
50, 50.jpg,38, R, Tailored Fit Navy Textured Three Piece Tuxedo, Navy
50, 50.jpg,40, R, Tailored Fit Navy Textured Three Piece Tuxedo, Navy
50, 50.jpg,42, R, Tailored Fit Navy Textured Three Piece Tuxedo, Navy
50, 50.jpg,44, R, Tailored Fit Navy Textured Three Piece Tuxedo, Navy
50, 50.jpg,46, R, Tailored Fit Navy Textured Three Piece Tuxedo, Navy
50, 50.jpg,48, R, Tailored Fit Navy Textured Three Piece Tuxedo, Navy
50, 50.jpg,50, R, Tailored Fit Navy Textured Three Piece Tuxedo, Navy
50, 50.jpg,38, L, Tailored Fit Navy Textured Three Piece Tuxedo, Navy
50, 50.jpg,40, L, Tailored Fit Navy Textured Three Piece Tuxedo, Navy
50, 50.jpg,42, L, Tailored Fit Navy Textured Three Piece Tuxedo, Navy
50, 50.jpg,44, L, Tailored Fit Navy Textured Three Piece Tuxedo, Navy
50, 50.jpg,46, L, Tailored Fit Navy Textured Three Piece Tuxedo, Navy
50, 50.jpg,48, L, Tailored Fit Navy Textured Three Piece Tuxedo, Navy
50, 50.jpg,50, L, Tailored Fit Navy Textured Three Piece Tuxedo, Navy
